"","State","stateFips","County_FIPS_Code","geographyName","FIPS"
"1","WY","56","043","Washakie","56043"
"2","WY","56","039","Teton","56039"
"3","WY","56","017","Hot Springs","56017"
"4","WY","56","015","Goshen","56015"
"5","WY","56","001","Albany","56001"
"6","WI","55","141","Wood","55141"
"7","WI","55","139","Winnebago","55139"
"8","WI","55","137","Waushara","55137"
"9","WI","55","135","Waupaca","55135"
"10","WI","55","133","Waukesha","55133"
"11","WI","55","131","Washington","55131"
"12","WI","55","127","Walworth","55127"
"13","WI","55","125","Vilas","55125"
"14","WI","55","123","Vernon","55123"
"15","WI","55","119","Taylor","55119"
"16","WI","55","117","Sheboygan","55117"
"17","WI","55","113","Sawyer","55113"
"18","WI","55","111","Sauk","55111"
"19","WI","55","107","Rusk","55107"
"20","WI","55","105","Rock","55105"
"21","WI","55","103","Richland","55103"
"22","WI","55","101","Racine","55101"
"23","WI","55","099","Price","55099"
"24","WI","55","097","Portage","55097"
"25","WI","55","095","Polk","55095"
"26","WI","55","089","Ozaukee","55089"
"27","WI","55","087","Outagamie","55087"
"28","WI","55","085","Oneida","55085"
"29","WI","55","081","Monroe","55081"
"30","WI","55","079","Milwaukee","55079"
"31","WI","55","078","Menominee","55078"
"32","WI","55","075","Marinette","55075"
"33","WI","55","069","Lincoln","55069"
"34","WI","55","065","Lafayette","55065"
"35","WI","55","063","La Crosse","55063"
"36","WI","55","057","Juneau","55057"
"37","WI","55","055","Jefferson","55055"
"38","WI","55","049","Iowa","55049"
"39","WI","55","045","Green","55045"
"40","WI","55","043","Grant","55043"
"41","WI","55","041","Forest","55041"
"42","WI","55","027","Dodge","55027"
"43","WI","55","025","Dane","55025"
"44","WI","55","023","Crawford","55023"
"45","WI","55","021","Columbia","55021"
"46","WI","55","009","Brown","55009"
"47","WI","55","007","Bayfield","55007"
"48","WI","55","005","Barron","55005"
"49","WI","55","003","Ashland","55003"
"50","WV","54","109","Wyoming","54109"
"51","WV","54","107","Wood","54107"
"52","WV","54","105","Wirt","54105"
"53","WV","54","099","Wayne","54099"
"54","WV","54","097","Upshur","54097"
"55","WV","54","095","Tyler","54095"
"56","WV","54","093","Tucker","54093"
"57","WV","54","091","Taylor","54091"
"58","WV","54","089","Summers","54089"
"59","WV","54","087","Roane","54087"
"60","WV","54","085","Ritchie","54085"
"61","WV","54","083","Randolph","54083"
"62","WV","54","081","Raleigh","54081"
"63","WV","54","079","Putnam","54079"
"64","WV","54","077","Preston","54077"
"65","WV","54","075","Pocahontas","54075"
"66","WV","54","071","Pendleton","54071"
"67","WV","54","069","Ohio","54069"
"68","WV","54","065","Morgan","54065"
"69","WV","54","061","Monongalia","54061"
"70","WV","54","059","Mingo","54059"
"71","WV","54","057","Mineral","54057"
"72","WV","54","055","Mercer","54055"
"73","WV","54","053","Mason","54053"
"74","WV","54","051","Marshall","54051"
"75","WV","54","049","Marion","54049"
"76","WV","54","047","McDowell","54047"
"77","WV","54","045","Logan","54045"
"78","WV","54","043","Lincoln","54043"
"79","WV","54","041","Lewis","54041"
"80","WV","54","039","Kanawha","54039"
"81","WV","54","037","Jefferson","54037"
"82","WV","54","035","Jackson","54035"
"83","WV","54","033","Harrison","54033"
"84","WV","54","031","Hardy","54031"
"85","WV","54","029","Hancock","54029"
"86","WV","54","025","Greenbrier","54025"
"87","WV","54","021","Gilmer","54021"
"88","WV","54","017","Doddridge","54017"
"89","WV","54","015","Clay","54015"
"90","WV","54","013","Calhoun","54013"
"91","WV","54","011","Cabell","54011"
"92","WV","54","009","Brooke","54009"
"93","WV","54","007","Braxton","54007"
"94","WV","54","005","Boone","54005"
"95","WV","54","003","Berkeley","54003"
"96","WA","53","077","Yakima","53077"
"97","WA","53","073","Whatcom","53073"
"98","WA","53","071","Walla Walla","53071"
"99","WA","53","065","Stevens","53065"
"100","WA","53","051","Pend Oreille","53051"
"101","WA","53","049","Pacific","53049"
"102","WA","53","043","Lincoln","53043"
"103","WA","53","039","Klickitat","53039"
"104","WA","53","037","Kittitas","53037"
"105","WA","53","035","Kitsap","53035"
"106","WA","53","033","King","53033"
"107","WA","53","027","Grays Harbor","53027"
"108","WA","53","021","Franklin","53021"
"109","WA","53","017","Douglas","53017"
"110","WA","53","015","Cowlitz","53015"
"111","WA","53","013","Columbia","53013"
"112","WA","53","007","Chelan","53007"
"113","WA","53","005","Benton","53005"
"114","WA","53","003","Asotin","53003"
"115","WA","53","001","Adams","53001"
"116","VA","51","840","Winchester city","51840"
"117","VA","51","830","Williamsburg city","51830"
"118","VA","51","820","Waynesboro city","51820"
"119","VA","51","810","Virginia Beach city","51810"
"120","VA","51","800","Suffolk city","51800"
"121","VA","51","790","Staunton city","51790"
"122","VA","51","775","Salem city","51775"
"123","VA","51","770","Roanoke city","51770"
"124","VA","51","760","Richmond city","51760"
"125","VA","51","750","Radford city","51750"
"126","VA","51","740","Portsmouth city","51740"
"127","VA","51","735","Poquoson city","51735"
"128","VA","51","730","Petersburg city","51730"
"129","VA","51","720","Norton city","51720"
"130","VA","51","710","Norfolk city","51710"
"131","VA","51","700","Newport News city","51700"
"132","VA","51","690","Martinsville city","51690"
"133","VA","51","685","Manassas Park city","51685"
"134","VA","51","683","Manassas city","51683"
"135","VA","51","680","Lynchburg city","51680"
"136","VA","51","678","Lexington city","51678"
"137","VA","51","670","Hopewell city","51670"
"138","VA","51","660","Harrisonburg city","51660"
"139","VA","51","650","Hampton city","51650"
"140","VA","51","640","Galax city","51640"
"141","VA","51","630","Fredericksburg city","51630"
"142","VA","51","620","Franklin city","51620"
"143","VA","51","610","Falls Church city","51610"
"144","VA","51","600","Fairfax city","51600"
"145","VA","51","595","Emporia city","51595"
"146","VA","51","590","Danville city","51590"
"147","VA","51","580","Covington city","51580"
"148","VA","51","570","Colonial Heights city","51570"
"149","VA","51","550","Chesapeake city","51550"
"150","VA","51","540","Charlottesville city","51540"
"151","VA","51","530","Buena Vista city","51530"
"152","VA","51","520","Bristol city","51520"
"153","VA","51","515","Bedford city","51515"
"154","VA","51","510","Alexandria city","51510"
"155","VA","51","199","York","51199"
"156","VA","51","197","Wythe","51197"
"157","VA","51","195","Wise","51195"
"158","VA","51","187","Warren","51187"
"159","VA","51","185","Tazewell","51185"
"160","VA","51","183","Sussex","51183"
"161","VA","51","179","Stafford","51179"
"162","VA","51","177","Spotsylvania","51177"
"163","VA","51","175","Southampton","51175"
"164","VA","51","171","Shenandoah","51171"
"165","VA","51","169","Scott","51169"
"166","VA","51","167","Russell","51167"
"167","VA","51","165","Rockingham","51165"
"168","VA","51","161","Roanoke","51161"
"169","VA","51","157","Rappahannock","51157"
"170","VA","51","155","Pulaski","51155"
"171","VA","51","153","Prince William","51153"
"172","VA","51","149","Prince George","51149"
"173","VA","51","147","Prince Edward","51147"
"174","VA","51","145","Powhatan","51145"
"175","VA","51","139","Page","51139"
"176","VA","51","137","Orange","51137"
"177","VA","51","135","Nottoway","51135"
"178","VA","51","131","Northampton","51131"
"179","VA","51","125","Nelson","51125"
"180","VA","51","121","Montgomery","51121"
"181","VA","51","119","Middlesex","51119"
"182","VA","51","115","Mathews","51115"
"183","VA","51","109","Louisa","51109"
"184","VA","51","107","Loudoun","51107"
"185","VA","51","105","Lee","51105"
"186","VA","51","103","Lancaster","51103"
"187","VA","51","095","James City","51095"
"188","VA","51","093","Isle of Wight","51093"
"189","VA","51","091","Highland","51091"
"190","VA","51","089","Henry","51089"
"191","VA","51","087","Henrico","51087"
"192","VA","51","085","Hanover","51085"
"193","VA","51","083","Halifax","51083"
"194","VA","51","081","Greensville","51081"
"195","VA","51","077","Grayson","51077"
"196","VA","51","073","Gloucester","51073"
"197","VA","51","069","Frederick","51069"
"198","VA","51","061","Fauquier","51061"
"199","VA","51","059","Fairfax","51059"
"200","VA","51","051","Dickenson","51051"
"201","VA","51","049","Cumberland","51049"
"202","VA","51","047","Culpeper","51047"
"203","VA","51","043","Clarke","51043"
"204","VA","51","041","Chesterfield","51041"
"205","VA","51","035","Carroll","51035"
"206","VA","51","031","Campbell","51031"
"207","VA","51","029","Buckingham","51029"
"208","VA","51","027","Buchanan","51027"
"209","VA","51","015","Augusta","51015"
"210","VA","51","013","Arlington","51013"
"211","VA","51","005","Alleghany","51005"
"212","VA","51","003","Albemarle","51003"
"213","VA","51","001","Accomack","51001"
"214","VT","50","027","Windsor","50027"
"215","VT","50","025","Windham","50025"
"216","VT","50","023","Washington","50023"
"217","VT","50","021","Rutland","50021"
"218","VT","50","019","Orleans","50019"
"219","VT","50","017","Orange","50017"
"220","VT","50","015","Lamoille","50015"
"221","VT","50","013","Grand Isle","50013"
"222","VT","50","011","Franklin","50011"
"223","VT","50","009","Essex","50009"
"224","VT","50","007","Chittenden","50007"
"225","VT","50","005","Caledonia","50005"
"226","VT","50","003","Bennington","50003"
"227","VT","50","001","Addison","50001"
"228","UT","49","057","Weber","49057"
"229","UT","49","053","Washington","49053"
"230","UT","49","051","Wasatch","49051"
"231","UT","49","049","Utah","49049"
"232","UT","49","043","Summit","49043"
"233","UT","49","041","Sevier","49041"
"234","UT","49","039","Sanpete","49039"
"235","UT","49","037","San Juan","49037"
"236","UT","49","035","Salt Lake","49035"
"237","UT","49","031","Piute","49031"
"238","UT","49","027","Millard","49027"
"239","UT","49","025","Kane","49025"
"240","UT","49","021","Iron","49021"
"241","UT","49","019","Grand","49019"
"242","UT","49","017","Garfield","49017"
"243","UT","49","013","Duchesne","49013"
"244","UT","49","011","Davis","49011"
"245","UT","49","005","Cache","49005"
"246","UT","49","001","Beaver","49001"
"247","TX","48","507","Zavala","48507"
"248","TX","48","505","Zapata","48505"
"249","TX","48","503","Young","48503"
"250","TX","48","499","Wood","48499"
"251","TX","48","497","Wise","48497"
"252","TX","48","491","Williamson","48491"
"253","TX","48","489","Willacy","48489"
"254","TX","48","487","Wilbarger","48487"
"255","TX","48","485","Wichita","48485"
"256","TX","48","483","Wheeler","48483"
"257","TX","48","481","Wharton","48481"
"258","TX","48","479","Webb","48479"
"259","TX","48","475","Ward","48475"
"260","TX","48","471","Walker","48471"
"261","TX","48","469","Victoria","48469"
"262","TX","48","465","Val Verde","48465"
"263","TX","48","463","Uvalde","48463"
"264","TX","48","455","Trinity","48455"
"265","TX","48","451","Tom Green","48451"
"266","TX","48","449","Titus","48449"
"267","TX","48","447","Throckmorton","48447"
"268","TX","48","445","Terry","48445"
"269","TX","48","443","Terrell","48443"
"270","TX","48","441","Taylor","48441"
"271","TX","48","439","Tarrant","48439"
"272","TX","48","437","Swisher","48437"
"273","TX","48","435","Sutton","48435"
"274","TX","48","433","Stonewall","48433"
"275","TX","48","427","Starr","48427"
"276","TX","48","425","Somervell","48425"
"277","TX","48","423","Smith","48423"
"278","TX","48","419","Shelby","48419"
"279","TX","48","415","Scurry","48415"
"280","TX","48","407","San Jacinto","48407"
"281","TX","48","405","San Augustine","48405"
"282","TX","48","403","Sabine","48403"
"283","TX","48","401","Rusk","48401"
"284","TX","48","399","Runnels","48399"
"285","TX","48","397","Rockwall","48397"
"286","TX","48","395","Robertson","48395"
"287","TX","48","391","Refugio","48391"
"288","TX","48","389","Reeves","48389"
"289","TX","48","387","Red River","48387"
"290","TX","48","385","Real","48385"
"291","TX","48","381","Randall","48381"
"292","TX","48","377","Presidio","48377"
"293","TX","48","375","Potter","48375"
"294","TX","48","373","Polk","48373"
"295","TX","48","371","Pecos","48371"
"296","TX","48","369","Parmer","48369"
"297","TX","48","367","Parker","48367"
"298","TX","48","363","Palo Pinto","48363"
"299","TX","48","357","Ochiltree","48357"
"300","TX","48","355","Nueces","48355"
"301","TX","48","353","Nolan","48353"
"302","TX","48","351","Newton","48351"
"303","TX","48","349","Navarro","48349"
"304","TX","48","347","Nacogdoches","48347"
"305","TX","48","345","Motley","48345"
"306","TX","48","341","Moore","48341"
"307","TX","48","335","Mitchell","48335"
"308","TX","48","333","Mills","48333"
"309","TX","48","331","Milam","48331"
"310","TX","48","329","Midland","48329"
"311","TX","48","323","Maverick","48323"
"312","TX","48","321","Matagorda","48321"
"313","TX","48","317","Martin","48317"
"314","TX","48","315","Marion","48315"
"315","TX","48","313","Madison","48313"
"316","TX","48","311","McMullen","48311"
"317","TX","48","309","McLennan","48309"
"318","TX","48","307","McCulloch","48307"
"319","TX","48","305","Lynn","48305"
"320","TX","48","299","Llano","48299"
"321","TX","48","293","Limestone","48293"
"322","TX","48","289","Leon","48289"
"323","TX","48","285","Lavaca","48285"
"324","TX","48","283","La Salle","48283"
"325","TX","48","279","Lamb","48279"
"326","TX","48","277","Lamar","48277"
"327","TX","48","275","Knox","48275"
"328","TX","48","273","Kleberg","48273"
"329","TX","48","271","Kinney","48271"
"330","TX","48","269","King","48269"
"331","TX","48","267","Kimble","48267"
"332","TX","48","265","Kerr","48265"
"333","TX","48","261","Kenedy","48261"
"334","TX","48","259","Kendall","48259"
"335","TX","48","257","Kaufman","48257"
"336","TX","48","255","Karnes","48255"
"337","TX","48","253","Jones","48253"
"338","TX","48","251","Johnson","48251"
"339","TX","48","249","Jim Wells","48249"
"340","TX","48","247","Jim Hogg","48247"
"341","TX","48","245","Jefferson","48245"
"342","TX","48","241","Jasper","48241"
"343","TX","48","237","Jack","48237"
"344","TX","48","231","Hunt","48231"
"345","TX","48","227","Howard","48227"
"346","TX","48","225","Houston","48225"
"347","TX","48","223","Hopkins","48223"
"348","TX","48","221","Hood","48221"
"349","TX","48","219","Hockley","48219"
"350","TX","48","217","Hill","48217"
"351","TX","48","215","Hidalgo","48215"
"352","TX","48","213","Henderson","48213"
"353","TX","48","211","Hemphill","48211"
"354","TX","48","209","Hays","48209"
"355","TX","48","205","Hartley","48205"
"356","TX","48","203","Harrison","48203"
"357","TX","48","199","Hardin","48199"
"358","TX","48","197","Hardeman","48197"
"359","TX","48","193","Hamilton","48193"
"360","TX","48","191","Hall","48191"
"361","TX","48","189","Hale","48189"
"362","TX","48","187","Guadalupe","48187"
"363","TX","48","185","Grimes","48185"
"364","TX","48","183","Gregg","48183"
"365","TX","48","181","Grayson","48181"
"366","TX","48","177","Gonzales","48177"
"367","TX","48","171","Gillespie","48171"
"368","TX","48","161","Freestone","48161"
"369","TX","48","159","Franklin","48159"
"370","TX","48","157","Fort Bend","48157"
"371","TX","48","155","Foard","48155"
"372","TX","48","153","Floyd","48153"
"373","TX","48","149","Fayette","48149"
"374","TX","48","145","Falls","48145"
"375","TX","48","143","Erath","48143"
"376","TX","48","139","Ellis","48139"
"377","TX","48","137","Edwards","48137"
"378","TX","48","135","Ector","48135"
"379","TX","48","133","Eastland","48133"
"380","TX","48","131","Duval","48131"
"381","TX","48","129","Donley","48129"
"382","TX","48","127","Dimmit","48127"
"383","TX","48","125","Dickens","48125"
"384","TX","48","123","DeWitt","48123"
"385","TX","48","121","Denton","48121"
"386","TX","48","119","Delta","48119"
"387","TX","48","115","Dawson","48115"
"388","TX","48","111","Dallam","48111"
"389","TX","48","107","Crosby","48107"
"390","TX","48","097","Cooke","48097"
"391","TX","48","095","Concho","48095"
"392","TX","48","093","Comanche","48093"
"393","TX","48","091","Comal","48091"
"394","TX","48","089","Colorado","48089"
"395","TX","48","087","Collingsworth","48087"
"396","TX","48","085","Collin","48085"
"397","TX","48","083","Coleman","48083"
"398","TX","48","081","Coke","48081"
"399","TX","48","079","Cochran","48079"
"400","TX","48","075","Childress","48075"
"401","TX","48","073","Cherokee","48073"
"402","TX","48","069","Castro","48069"
"403","TX","48","063","Camp","48063"
"404","TX","48","059","Callahan","48059"
"405","TX","48","057","Calhoun","48057"
"406","TX","48","053","Burnet","48053"
"407","TX","48","049","Brown","48049"
"408","TX","48","047","Brooks","48047"
"409","TX","48","043","Brewster","48043"
"410","TX","48","041","Brazos","48041"
"411","TX","48","037","Bowie","48037"
"412","TX","48","027","Bell","48027"
"413","TX","48","025","Bee","48025"
"414","TX","48","023","Baylor","48023"
"415","TX","48","017","Bailey","48017"
"416","TX","48","005","Angelina","48005"
"417","TX","48","003","Andrews","48003"
"418","TX","48","001","Anderson","48001"
"419","TN","47","189","Wilson","47189"
"420","TN","47","187","Williamson","47187"
"421","TN","47","185","White","47185"
"422","TN","47","183","Weakley","47183"
"423","TN","47","181","Wayne","47181"
"424","TN","47","179","Washington","47179"
"425","TN","47","177","Warren","47177"
"426","TN","47","175","Van Buren","47175"
"427","TN","47","173","Union","47173"
"428","TN","47","171","Unicoi","47171"
"429","TN","47","169","Trousdale","47169"
"430","TN","47","167","Tipton","47167"
"431","TN","47","165","Sumner","47165"
"432","TN","47","163","Sullivan","47163"
"433","TN","47","159","Smith","47159"
"434","TN","47","157","Shelby","47157"
"435","TN","47","155","Sevier","47155"
"436","TN","47","153","Sequatchie","47153"
"437","TN","47","151","Scott","47151"
"438","TN","47","149","Rutherford","47149"
"439","TN","47","147","Robertson","47147"
"440","TN","47","145","Roane","47145"
"441","TN","47","143","Rhea","47143"
"442","TN","47","141","Putnam","47141"
"443","TN","47","139","Polk","47139"
"444","TN","47","137","Pickett","47137"
"445","TN","47","135","Perry","47135"
"446","TN","47","133","Overton","47133"
"447","TN","47","131","Obion","47131"
"448","TN","47","127","Moore","47127"
"449","TN","47","125","Montgomery","47125"
"450","TN","47","123","Monroe","47123"
"451","TN","47","121","Meigs","47121"
"452","TN","47","119","Maury","47119"
"453","TN","47","117","Marshall","47117"
"454","TN","47","115","Marion","47115"
"455","TN","47","113","Madison","47113"
"456","TN","47","111","Macon","47111"
"457","TN","47","109","McNairy","47109"
"458","TN","47","107","McMinn","47107"
"459","TN","47","105","Loudon","47105"
"460","TN","47","103","Lincoln","47103"
"461","TN","47","099","Lawrence","47099"
"462","TN","47","097","Lauderdale","47097"
"463","TN","47","095","Lake","47095"
"464","TN","47","093","Knox","47093"
"465","TN","47","091","Johnson","47091"
"466","TN","47","089","Jefferson","47089"
"467","TN","47","087","Jackson","47087"
"468","TN","47","085","Humphreys","47085"
"469","TN","47","083","Houston","47083"
"470","TN","47","079","Henry","47079"
"471","TN","47","077","Henderson","47077"
"472","TN","47","075","Haywood","47075"
"473","TN","47","073","Hawkins","47073"
"474","TN","47","071","Hardin","47071"
"475","TN","47","067","Hancock","47067"
"476","TN","47","065","Hamilton","47065"
"477","TN","47","063","Hamblen","47063"
"478","TN","47","061","Grundy","47061"
"479","TN","47","059","Greene","47059"
"480","TN","47","057","Grainger","47057"
"481","TN","47","055","Giles","47055"
"482","TN","47","053","Gibson","47053"
"483","TN","47","051","Franklin","47051"
"484","TN","47","049","Fentress","47049"
"485","TN","47","047","Fayette","47047"
"486","TN","47","045","Dyer","47045"
"487","TN","47","043","Dickson","47043"
"488","TN","47","041","DeKalb","47041"
"489","TN","47","039","Decatur","47039"
"490","TN","47","037","Davidson","47037"
"491","TN","47","035","Cumberland","47035"
"492","TN","47","033","Crockett","47033"
"493","TN","47","031","Coffee","47031"
"494","TN","47","029","Cocke","47029"
"495","TN","47","027","Clay","47027"
"496","TN","47","025","Claiborne","47025"
"497","TN","47","023","Chester","47023"
"498","TN","47","021","Cheatham","47021"
"499","TN","47","019","Carter","47019"
"500","TN","47","017","Carroll","47017"
"501","TN","47","015","Cannon","47015"
"502","TN","47","013","Campbell","47013"
"503","TN","47","011","Bradley","47011"
"504","TN","47","009","Blount","47009"
"505","TN","47","007","Bledsoe","47007"
"506","TN","47","005","Benton","47005"
"507","TN","47","003","Bedford","47003"
"508","TN","47","001","Anderson","47001"
"509","SD","46","137","Ziebach","46137"
"510","SD","46","135","Yankton","46135"
"511","SD","46","129","Walworth","46129"
"512","SD","46","123","Tripp","46123"
"513","SD","46","121","Todd","46121"
"514","SD","46","117","Stanley","46117"
"515","SD","46","115","Spink","46115"
"516","SD","46","113","Shannon","46113"
"517","SD","46","099","Minnehaha","46099"
"518","SD","46","095","Mellette","46095"
"519","SD","46","089","McPherson","46089"
"520","SD","46","081","Lawrence","46081"
"521","SD","46","079","Lake","46079"
"522","SD","46","071","Jackson","46071"
"523","SD","46","067","Hutchinson","46067"
"524","SD","46","065","Hughes","46065"
"525","SD","46","063","Harding","46063"
"526","SD","46","059","Hand","46059"
"527","SD","46","055","Haakon","46055"
"528","SD","46","053","Gregory","46053"
"529","SD","46","051","Grant","46051"
"530","SD","46","049","Faulk","46049"
"531","SD","46","047","Fall River","46047"
"532","SD","46","041","Dewey","46041"
"533","SD","46","037","Day","46037"
"534","SD","46","033","Custer","46033"
"535","SD","46","031","Corson","46031"
"536","SD","46","029","Codington","46029"
"537","SD","46","023","Charles Mix","46023"
"538","SD","46","015","Brule","46015"
"539","SD","46","011","Brookings","46011"
"540","SD","46","009","Bon Homme","46009"
"541","SD","46","007","Bennett","46007"
"542","SD","46","005","Beadle","46005"
"543","SC","45","091","York","45091"
"544","SC","45","089","Williamsburg","45089"
"545","SC","45","087","Union","45087"
"546","SC","45","085","Sumter","45085"
"547","SC","45","083","Spartanburg","45083"
"548","SC","45","079","Richland","45079"
"549","SC","45","077","Pickens","45077"
"550","SC","45","075","Orangeburg","45075"
"551","SC","45","073","Oconee","45073"
"552","SC","45","071","Newberry","45071"
"553","SC","45","069","Marlboro","45069"
"554","SC","45","067","Marion","45067"
"555","SC","45","063","Lexington","45063"
"556","SC","45","061","Lee","45061"
"557","SC","45","059","Laurens","45059"
"558","SC","45","057","Lancaster","45057"
"559","SC","45","055","Kershaw","45055"
"560","SC","45","053","Jasper","45053"
"561","SC","45","051","Horry","45051"
"562","SC","45","049","Hampton","45049"
"563","SC","45","047","Greenwood","45047"
"564","SC","45","045","Greenville","45045"
"565","SC","45","043","Georgetown","45043"
"566","SC","45","041","Florence","45041"
"567","SC","45","039","Fairfield","45039"
"568","SC","45","035","Dorchester","45035"
"569","SC","45","033","Dillon","45033"
"570","SC","45","031","Darlington","45031"
"571","SC","45","029","Colleton","45029"
"572","SC","45","027","Clarendon","45027"
"573","SC","45","025","Chesterfield","45025"
"574","SC","45","021","Cherokee","45021"
"575","SC","45","019","Charleston","45019"
"576","SC","45","017","Calhoun","45017"
"577","SC","45","015","Berkeley","45015"
"578","SC","45","013","Beaufort","45013"
"579","SC","45","011","Barnwell","45011"
"580","SC","45","009","Bamberg","45009"
"581","SC","45","007","Anderson","45007"
"582","SC","45","005","Allendale","45005"
"583","SC","45","003","Aiken","45003"
"584","SC","45","001","Abbeville","45001"
"585","RI","44","007","Providence","44007"
"586","RI","44","005","Newport","44005"
"587","RI","44","003","Kent","44003"
"588","RI","44","001","Bristol","44001"
"589","PA","42","133","York","42133"
"590","PA","42","131","Wyoming","42131"
"591","PA","42","129","Westmoreland","42129"
"592","PA","42","125","Washington","42125"
"593","PA","42","119","Union","42119"
"594","PA","42","115","Susquehanna","42115"
"595","PA","42","113","Sullivan","42113"
"596","PA","42","111","Somerset","42111"
"597","PA","42","109","Snyder","42109"
"598","PA","42","107","Schuylkill","42107"
"599","PA","42","101","Philadelphia","42101"
"600","PA","42","099","Perry","42099"
"601","PA","42","097","Northumberland","42097"
"602","PA","42","095","Northampton","42095"
"603","PA","42","093","Montour","42093"
"604","PA","42","091","Montgomery","42091"
"605","PA","42","089","Monroe","42089"
"606","PA","42","087","Mifflin","42087"
"607","PA","42","083","McKean","42083"
"608","PA","42","077","Lehigh","42077"
"609","PA","42","075","Lebanon","42075"
"610","PA","42","071","Lancaster","42071"
"611","PA","42","069","Lackawanna","42069"
"612","PA","42","065","Jefferson","42065"
"613","PA","42","063","Indiana","42063"
"614","PA","42","059","Greene","42059"
"615","PA","42","055","Franklin","42055"
"616","PA","42","051","Fayette","42051"
"617","PA","42","045","Delaware","42045"
"618","PA","42","043","Dauphin","42043"
"619","PA","42","041","Cumberland","42041"
"620","PA","42","029","Chester","42029"
"621","PA","42","025","Carbon","42025"
"622","PA","42","023","Cameron","42023"
"623","PA","42","021","Cambria","42021"
"624","PA","42","017","Bucks","42017"
"625","PA","42","015","Bradford","42015"
"626","PA","42","013","Blair","42013"
"627","PA","42","011","Berks","42011"
"628","PA","42","009","Bedford","42009"
"629","PA","42","007","Beaver","42007"
"630","PA","42","003","Allegheny","42003"
"631","PA","42","001","Adams","42001"
"632","OR","41","071","Yamhill","41071"
"633","OR","41","067","Washington","41067"
"634","OR","41","065","Wasco","41065"
"635","OR","41","063","Wallowa","41063"
"636","OR","41","061","Union","41061"
"637","OR","41","059","Umatilla","41059"
"638","OR","41","057","Tillamook","41057"
"639","OR","41","055","Sherman","41055"
"640","OR","41","053","Polk","41053"
"641","OR","41","051","Multnomah","41051"
"642","OR","41","047","Marion","41047"
"643","OR","41","045","Malheur","41045"
"644","OR","41","043","Linn","41043"
"645","OR","41","041","Lincoln","41041"
"646","OR","41","037","Lake","41037"
"647","OR","41","035","Klamath","41035"
"648","OR","41","033","Josephine","41033"
"649","OR","41","031","Jefferson","41031"
"650","OR","41","029","Jackson","41029"
"651","OR","41","027","Hood River","41027"
"652","OR","41","025","Harney","41025"
"653","OR","41","023","Grant","41023"
"654","OR","41","019","Douglas","41019"
"655","OR","41","015","Curry","41015"
"656","OR","41","013","Crook","41013"
"657","OR","41","011","Coos","41011"
"658","OR","41","005","Clackamas","41005"
"659","OK","40","153","Woodward","40153"
"660","OK","40","149","Washita","40149"
"661","OK","40","147","Washington","40147"
"662","OK","40","145","Wagoner","40145"
"663","OK","40","143","Tulsa","40143"
"664","OK","40","141","Tillman","40141"
"665","OK","40","139","Texas","40139"
"666","OK","40","137","Stephens","40137"
"667","OK","40","135","Sequoyah","40135"
"668","OK","40","133","Seminole","40133"
"669","OK","40","131","Rogers","40131"
"670","OK","40","129","Roger Mills","40129"
"671","OK","40","127","Pushmataha","40127"
"672","OK","40","125","Pottawatomie","40125"
"673","OK","40","123","Pontotoc","40123"
"674","OK","40","121","Pittsburg","40121"
"675","OK","40","119","Payne","40119"
"676","OK","40","117","Pawnee","40117"
"677","OK","40","115","Ottawa","40115"
"678","OK","40","113","Osage","40113"
"679","OK","40","111","Okmulgee","40111"
"680","OK","40","109","Oklahoma","40109"
"681","OK","40","107","Okfuskee","40107"
"682","OK","40","105","Nowata","40105"
"683","OK","40","103","Noble","40103"
"684","OK","40","101","Muskogee","40101"
"685","OK","40","099","Murray","40099"
"686","OK","40","097","Mayes","40097"
"687","OK","40","095","Marshall","40095"
"688","OK","40","093","Major","40093"
"689","OK","40","091","McIntosh","40091"
"690","OK","40","089","McCurtain","40089"
"691","OK","40","087","McClain","40087"
"692","OK","40","085","Love","40085"
"693","OK","40","083","Logan","40083"
"694","OK","40","081","Lincoln","40081"
"695","OK","40","079","Le Flore","40079"
"696","OK","40","077","Latimer","40077"
"697","OK","40","075","Kiowa","40075"
"698","OK","40","073","Kingfisher","40073"
"699","OK","40","071","Kay","40071"
"700","OK","40","067","Jefferson","40067"
"701","OK","40","065","Jackson","40065"
"702","OK","40","063","Hughes","40063"
"703","OK","40","061","Haskell","40061"
"704","OK","40","057","Harmon","40057"
"705","OK","40","055","Greer","40055"
"706","OK","40","053","Grant","40053"
"707","OK","40","051","Grady","40051"
"708","OK","40","049","Garvin","40049"
"709","OK","40","047","Garfield","40047"
"710","OK","40","045","Ellis","40045"
"711","OK","40","043","Dewey","40043"
"712","OK","40","041","Delaware","40041"
"713","OK","40","039","Custer","40039"
"714","OK","40","037","Creek","40037"
"715","OK","40","035","Craig","40035"
"716","OK","40","033","Cotton","40033"
"717","OK","40","031","Comanche","40031"
"718","OK","40","029","Coal","40029"
"719","OK","40","027","Cleveland","40027"
"720","OK","40","025","Cimarron","40025"
"721","OK","40","023","Choctaw","40023"
"722","OK","40","021","Cherokee","40021"
"723","OK","40","019","Carter","40019"
"724","OK","40","017","Canadian","40017"
"725","OK","40","015","Caddo","40015"
"726","OK","40","013","Bryan","40013"
"727","OK","40","011","Blaine","40011"
"728","OK","40","009","Beckham","40009"
"729","OK","40","007","Beaver","40007"
"730","OK","40","005","Atoka","40005"
"731","OK","40","001","Adair","40001"
"732","OH","39","175","Wyandot","39175"
"733","OH","39","173","Wood","39173"
"734","OH","39","171","Williams","39171"
"735","OH","39","169","Wayne","39169"
"736","OH","39","167","Washington","39167"
"737","OH","39","165","Warren","39165"
"738","OH","39","163","Vinton","39163"
"739","OH","39","159","Union","39159"
"740","OH","39","153","Summit","39153"
"741","OH","39","149","Shelby","39149"
"742","OH","39","147","Seneca","39147"
"743","OH","39","145","Scioto","39145"
"744","OH","39","143","Sandusky","39143"
"745","OH","39","141","Ross","39141"
"746","OH","39","139","Richland","39139"
"747","OH","39","137","Putnam","39137"
"748","OH","39","133","Portage","39133"
"749","OH","39","131","Pike","39131"
"750","OH","39","129","Pickaway","39129"
"751","OH","39","125","Paulding","39125"
"752","OH","39","123","Ottawa","39123"
"753","OH","39","121","Noble","39121"
"754","OH","39","119","Muskingum","39119"
"755","OH","39","113","Montgomery","39113"
"756","OH","39","109","Miami","39109"
"757","OH","39","107","Mercer","39107"
"758","OH","39","105","Meigs","39105"
"759","OH","39","101","Marion","39101"
"760","OH","39","099","Mahoning","39099"
"761","OH","39","097","Madison","39097"
"762","OH","39","091","Logan","39091"
"763","OH","39","089","Licking","39089"
"764","OH","39","087","Lawrence","39087"
"765","OH","39","085","Lake","39085"
"766","OH","39","083","Knox","39083"
"767","OH","39","081","Jefferson","39081"
"768","OH","39","079","Jackson","39079"
"769","OH","39","071","Highland","39071"
"770","OH","39","069","Henry","39069"
"771","OH","39","063","Hancock","39063"
"772","OH","39","059","Guernsey","39059"
"773","OH","39","057","Greene","39057"
"774","OH","39","055","Geauga","39055"
"775","OH","39","053","Gallia","39053"
"776","OH","39","051","Fulton","39051"
"777","OH","39","049","Franklin","39049"
"778","OH","39","047","Fayette","39047"
"779","OH","39","045","Fairfield","39045"
"780","OH","39","043","Erie","39043"
"781","OH","39","041","Delaware","39041"
"782","OH","39","039","Defiance","39039"
"783","OH","39","037","Darke","39037"
"784","OH","39","033","Crawford","39033"
"785","OH","39","031","Coshocton","39031"
"786","OH","39","029","Columbiana","39029"
"787","OH","39","027","Clinton","39027"
"788","OH","39","025","Clermont","39025"
"789","OH","39","023","Clark","39023"
"790","OH","39","021","Champaign","39021"
"791","MT","30","073","Pondera","30073"
"792","MT","30","067","Park","30067"
"793","MT","30","057","Madison","30057"
"794","MT","30","053","Lincoln","30053"
"795","MT","30","051","Liberty","30051"
"796","MT","30","047","Lake","30047"
"797","MT","30","043","Jefferson","30043"
"798","MT","30","035","Glacier","30035"
"799","MT","30","029","Flathead","30029"
"800","MT","30","027","Fergus","30027"
"801","MT","30","025","Fallon","30025"
"802","MT","30","023","Deer Lodge","30023"
"803","MT","30","021","Dawson","30021"
"804","MT","30","019","Daniels","30019"
"805","MT","30","017","Custer","30017"
"806","MT","30","013","Cascade","30013"
"807","MT","30","011","Carter","30011"
"808","MT","30","009","Carbon","30009"
"809","MT","30","003","Big Horn","30003"
"810","MT","30","001","Beaverhead","30001"
"811","MO","29","510","St. Louis city","29510"
"812","MO","29","229","Wright","29229"
"813","MO","29","227","Worth","29227"
"814","MO","29","225","Webster","29225"
"815","MO","29","223","Wayne","29223"
"816","MO","29","221","Washington","29221"
"817","MO","29","219","Warren","29219"
"818","MO","29","217","Vernon","29217"
"819","MO","29","215","Texas","29215"
"820","MO","29","213","Taney","29213"
"821","MO","29","211","Sullivan","29211"
"822","MO","29","207","Stoddard","29207"
"823","MO","29","201","Scott","29201"
"824","MO","29","199","Scotland","29199"
"825","MO","29","195","Saline","29195"
"826","MO","29","187","St. Francois","29187"
"827","MO","29","186","Ste. Genevieve","29186"
"828","MO","29","185","St. Clair","29185"
"829","MO","29","183","St. Charles","29183"
"830","MO","29","181","Ripley","29181"
"831","MO","29","175","Randolph","29175"
"832","MO","29","173","Ralls","29173"
"833","MO","29","171","Putnam","29171"
"834","MO","29","169","Pulaski","29169"
"835","MO","29","167","Polk","29167"
"836","MO","29","165","Platte","29165"
"837","MO","29","163","Pike","29163"
"838","MO","29","161","Phelps","29161"
"839","MO","29","159","Pettis","29159"
"840","MO","29","157","Perry","29157"
"841","MO","29","155","Pemiscot","29155"
"842","MO","29","149","Oregon","29149"
"843","MO","29","147","Nodaway","29147"
"844","MO","29","145","Newton","29145"
"845","MO","29","141","Morgan","29141"
"846","MO","29","139","Montgomery","29139"
"847","MO","29","137","Monroe","29137"
"848","MO","29","133","Mississippi","29133"
"849","MO","29","127","Marion","29127"
"850","MO","29","123","Madison","29123"
"851","MO","29","121","Macon","29121"
"852","MO","29","119","McDonald","29119"
"853","MO","29","117","Livingston","29117"
"854","MO","29","115","Linn","29115"
"855","MO","29","113","Lincoln","29113"
"856","MO","29","109","Lawrence","29109"
"857","MO","29","105","Laclede","29105"
"858","MO","29","103","Knox","29103"
"859","MO","29","101","Johnson","29101"
"860","MO","29","099","Jefferson","29099"
"861","MO","29","097","Jasper","29097"
"862","MO","29","095","Jackson","29095"
"863","MO","29","093","Iron","29093"
"864","MO","29","091","Howell","29091"
"865","MO","29","083","Henry","29083"
"866","MO","29","081","Harrison","29081"
"867","MO","29","079","Grundy","29079"
"868","MO","29","077","Greene","29077"
"869","MO","29","075","Gentry","29075"
"870","MO","29","073","Gasconade","29073"
"871","MO","29","071","Franklin","29071"
"872","MO","29","069","Dunklin","29069"
"873","MO","29","065","Dent","29065"
"874","MO","29","057","Dade","29057"
"875","MO","29","055","Crawford","29055"
"876","MO","29","053","Cooper","29053"
"877","MO","29","051","Cole","29051"
"878","MO","29","049","Clinton","29049"
"879","MO","29","047","Clay","29047"
"880","MO","29","045","Clark","29045"
"881","MO","29","043","Christian","29043"
"882","MO","29","039","Cedar","29039"
"883","MO","29","037","Cass","29037"
"884","MO","29","033","Carroll","29033"
"885","MO","29","031","Cape Girardeau","29031"
"886","MO","29","029","Camden","29029"
"887","MO","29","025","Caldwell","29025"
"888","MO","29","023","Butler","29023"
"889","MO","29","021","Buchanan","29021"
"890","MO","29","019","Boone","29019"
"891","MO","29","013","Bates","29013"
"892","MO","29","011","Barton","29011"
"893","MO","29","009","Barry","29009"
"894","MO","29","007","Audrain","29007"
"895","MO","29","005","Atchison","29005"
"896","MO","29","003","Andrew","29003"
"897","MO","29","001","Adair","29001"
"898","MS","28","163","Yazoo","28163"
"899","MS","28","161","Yalobusha","28161"
"900","MS","28","159","Winston","28159"
"901","MS","28","157","Wilkinson","28157"
"902","MS","28","155","Webster","28155"
"903","MS","28","153","Wayne","28153"
"904","MS","28","151","Washington","28151"
"905","MS","28","149","Warren","28149"
"906","MS","28","147","Walthall","28147"
"907","MS","28","145","Union","28145"
"908","MS","28","143","Tunica","28143"
"909","MS","28","141","Tishomingo","28141"
"910","MS","28","139","Tippah","28139"
"911","MS","28","135","Tallahatchie","28135"
"912","MS","28","133","Sunflower","28133"
"913","MS","28","131","Stone","28131"
"914","MS","28","129","Smith","28129"
"915","MS","28","127","Simpson","28127"
"916","MS","28","125","Sharkey","28125"
"917","MS","28","123","Scott","28123"
"918","MS","28","121","Rankin","28121"
"919","MS","28","119","Quitman","28119"
"920","MS","28","117","Prentiss","28117"
"921","MS","28","115","Pontotoc","28115"
"922","MS","28","113","Pike","28113"
"923","MS","28","111","Perry","28111"
"924","MS","28","109","Pearl River","28109"
"925","MS","28","107","Panola","28107"
"926","MS","28","105","Oktibbeha","28105"
"927","MS","28","103","Noxubee","28103"
"928","MS","28","099","Neshoba","28099"
"929","MS","28","097","Montgomery","28097"
"930","MS","28","095","Monroe","28095"
"931","MS","28","093","Marshall","28093"
"932","MS","28","091","Marion","28091"
"933","MS","28","089","Madison","28089"
"934","MS","28","087","Lowndes","28087"
"935","MS","28","085","Lincoln","28085"
"936","MS","28","083","Leflore","28083"
"937","MS","28","081","Lee","28081"
"938","MS","28","079","Leake","28079"
"939","MS","28","077","Lawrence","28077"
"940","MS","28","075","Lauderdale","28075"
"941","MS","28","071","Lafayette","28071"
"942","MS","28","069","Kemper","28069"
"943","MS","28","067","Jones","28067"
"944","MS","28","065","Jefferson Davis","28065"
"945","MS","28","063","Jefferson","28063"
"946","MS","28","059","Jackson","28059"
"947","MS","28","057","Itawamba","28057"
"948","MS","28","055","Issaquena","28055"
"949","MS","28","053","Humphreys","28053"
"950","MS","28","051","Holmes","28051"
"951","MS","28","049","Hinds","28049"
"952","MS","28","047","Harrison","28047"
"953","MS","28","043","Grenada","28043"
"954","MS","28","039","George","28039"
"955","MS","28","037","Franklin","28037"
"956","MS","28","035","Forrest","28035"
"957","MS","28","033","DeSoto","28033"
"958","MS","28","031","Covington","28031"
"959","MS","28","029","Copiah","28029"
"960","MS","28","027","Coahoma","28027"
"961","MS","28","025","Clay","28025"
"962","MS","28","023","Clarke","28023"
"963","MS","28","021","Claiborne","28021"
"964","MS","28","019","Choctaw","28019"
"965","MS","28","017","Chickasaw","28017"
"966","MS","28","015","Carroll","28015"
"967","MS","28","013","Calhoun","28013"
"968","MS","28","011","Bolivar","28011"
"969","MS","28","009","Benton","28009"
"970","MS","28","007","Attala","28007"
"971","MS","28","005","Amite","28005"
"972","MS","28","003","Alcorn","28003"
"973","MS","28","001","Adams","28001"
"974","MN","27","173","Yellow Medicine","27173"
"975","MN","27","171","Wright","27171"
"976","MN","27","169","Winona","27169"
"977","MN","27","165","Watonwan","27165"
"978","MN","27","163","Washington","27163"
"979","MN","27","157","Wabasha","27157"
"980","MN","27","155","Traverse","27155"
"981","MN","27","153","Todd","27153"
"982","MN","27","151","Swift","27151"
"983","MN","27","149","Stevens","27149"
"984","MN","27","147","Steele","27147"
"985","MN","27","143","Sibley","27143"
"986","MN","27","141","Sherburne","27141"
"987","MN","27","139","Scott","27139"
"988","MN","27","133","Rock","27133"
"989","MN","27","131","Rice","27131"
"990","MN","27","125","Red Lake","27125"
"991","MN","27","123","Ramsey","27123"
"992","MN","27","121","Pope","27121"
"993","MN","27","119","Polk","27119"
"994","MN","27","115","Pine","27115"
"995","MN","27","113","Pennington","27113"
"996","MN","27","109","Olmsted","27109"
"997","MN","27","105","Nobles","27105"
"998","MN","27","103","Nicollet","27103"
"999","MN","27","099","Mower","27099"
"1000","MN","27","097","Morrison","27097"
"1001","MN","27","095","Mille Lacs","27095"
"1002","MN","27","093","Meeker","27093"
"1003","MN","27","091","Martin","27091"
"1004","MN","27","085","McLeod","27085"
"1005","MN","27","079","Le Sueur","27079"
"1006","MN","27","075","Lake","27075"
"1007","MN","27","073","Lac qui Parle","27073"
"1008","MN","27","067","Kandiyohi","27067"
"1009","MN","27","061","Itasca","27061"
"1010","MN","27","059","Isanti","27059"
"1011","MN","27","057","Hubbard","27057"
"1012","MN","27","055","Houston","27055"
"1013","MN","27","053","Hennepin","27053"
"1014","MN","27","051","Grant","27051"
"1015","MN","27","049","Goodhue","27049"
"1016","MN","27","045","Fillmore","27045"
"1017","MN","27","041","Douglas","27041"
"1018","MN","27","039","Dodge","27039"
"1019","MN","27","037","Dakota","27037"
"1020","MN","27","035","Crow Wing","27035"
"1021","MN","27","031","Cook","27031"
"1022","MN","27","025","Chisago","27025"
"1023","MN","27","023","Chippewa","27023"
"1024","MN","27","021","Cass","27021"
"1025","MN","27","019","Carver","27019"
"1026","MN","27","017","Carlton","27017"
"1027","MN","27","015","Brown","27015"
"1028","MN","27","011","Big Stone","27011"
"1029","MN","27","009","Benton","27009"
"1030","MN","27","005","Becker","27005"
"1031","MN","27","003","Anoka","27003"
"1032","MN","27","001","Aitkin","27001"
"1033","MI","26","165","Wexford","26165"
"1034","MI","26","161","Washtenaw","26161"
"1035","MI","26","159","Van Buren","26159"
"1036","MI","26","155","Shiawassee","26155"
"1037","MI","26","153","Schoolcraft","26153"
"1038","MI","26","151","Sanilac","26151"
"1039","MI","26","149","St. Joseph","26149"
"1040","MI","26","147","St. Clair","26147"
"1041","MI","26","145","Saginaw","26145"
"1042","MI","26","143","Roscommon","26143"
"1043","MI","26","139","Ottawa","26139"
"1044","MI","26","137","Otsego","26137"
"1045","MI","26","135","Oscoda","26135"
"1046","MI","26","133","Osceola","26133"
"1047","MI","26","131","Ontonagon","26131"
"1048","MI","26","129","Ogemaw","26129"
"1049","MI","26","125","Oakland","26125"
"1050","MI","26","123","Newaygo","26123"
"1051","MI","26","121","Muskegon","26121"
"1052","MI","26","117","Montcalm","26117"
"1053","MI","26","115","Monroe","26115"
"1054","MI","26","113","Missaukee","26113"
"1055","MI","26","111","Midland","26111"
"1056","MI","26","107","Mecosta","26107"
"1057","MI","26","105","Mason","26105"
"1058","MI","26","101","Manistee","26101"
"1059","MI","26","099","Macomb","26099"
"1060","MI","26","095","Luce","26095"
"1061","MI","26","093","Livingston","26093"
"1062","MI","26","091","Lenawee","26091"
"1063","MI","26","089","Leelanau","26089"
"1064","MI","26","083","Keweenaw","26083"
"1065","MI","26","081","Kent","26081"
"1066","MI","26","079","Kalkaska","26079"
"1067","MI","26","077","Kalamazoo","26077"
"1068","MI","26","075","Jackson","26075"
"1069","MI","26","073","Isabella","26073"
"1070","MI","26","071","Iron","26071"
"1071","MI","26","069","Iosco","26069"
"1072","MI","26","065","Ingham","26065"
"1073","MI","26","063","Huron","26063"
"1074","MI","26","061","Houghton","26061"
"1075","MI","26","057","Gratiot","26057"
"1076","MI","26","055","Grand Traverse","26055"
"1077","MI","26","053","Gogebic","26053"
"1078","MI","26","051","Gladwin","26051"
"1079","MI","26","047","Emmet","26047"
"1080","MI","26","045","Eaton","26045"
"1081","MI","26","043","Dickinson","26043"
"1082","MI","26","041","Delta","26041"
"1083","MI","26","039","Crawford","26039"
"1084","MI","26","037","Clinton","26037"
"1085","MI","26","035","Clare","26035"
"1086","MI","26","033","Chippewa","26033"
"1087","MI","26","031","Cheboygan","26031"
"1088","MI","26","025","Calhoun","26025"
"1089","MI","26","023","Branch","26023"
"1090","MI","26","021","Berrien","26021"
"1091","MI","26","019","Benzie","26019"
"1092","MI","26","017","Bay","26017"
"1093","MI","26","013","Baraga","26013"
"1094","MI","26","011","Arenac","26011"
"1095","MI","26","007","Alpena","26007"
"1096","MI","26","003","Alger","26003"
"1097","MI","26","001","Alcona","26001"
"1098","MA","25","027","Worcester","25027"
"1099","MA","25","025","Suffolk","25025"
"1100","MA","25","023","Plymouth","25023"
"1101","MA","25","021","Norfolk","25021"
"1102","MA","25","017","Middlesex","25017"
"1103","MA","25","011","Franklin","25011"
"1104","MA","25","009","Essex","25009"
"1105","MA","25","005","Bristol","25005"
"1106","MA","25","001","Barnstable","25001"
"1107","MD","24","510","Baltimore city","24510"
"1108","MD","24","045","Wicomico","24045"
"1109","MD","24","043","Washington","24043"
"1110","MD","24","041","Talbot","24041"
"1111","MD","24","039","Somerset","24039"
"1112","MD","24","035","Queen Anne's","24035"
"1113","MD","24","031","Montgomery","24031"
"1114","MD","24","029","Kent","24029"
"1115","MD","24","027","Howard","24027"
"1116","MD","24","021","Frederick","24021"
"1117","MD","24","019","Dorchester","24019"
"1118","MD","24","015","Cecil","24015"
"1119","MD","24","013","Carroll","24013"
"1120","MD","24","009","Calvert","24009"
"1121","MD","24","005","Baltimore","24005"
"1122","MD","24","003","Anne Arundel","24003"
"1123","MD","24","001","Allegany","24001"
"1124","ME","23","029","Washington","23029"
"1125","ME","23","023","Sagadahoc","23023"
"1126","ME","23","015","Lincoln","23015"
"1127","ME","23","011","Kennebec","23011"
"1128","ME","23","009","Hancock","23009"
"1129","ME","23","001","Androscoggin","23001"
"1130","LA","22","127","Winn Parish","22127"
"1131","LA","22","125","West Feliciana Parish","22125"
"1132","LA","22","123","West Carroll Parish","22123"
"1133","LA","22","121","West Baton Rouge Parish","22121"
"1134","LA","22","119","Webster Parish","22119"
"1135","LA","22","117","Washington Parish","22117"
"1136","LA","22","115","Vernon Parish","22115"
"1137","LA","22","113","Vermilion Parish","22113"
"1138","LA","22","111","Union Parish","22111"
"1139","LA","22","109","Terrebonne Parish","22109"
"1140","LA","22","107","Tensas Parish","22107"
"1141","LA","22","105","Tangipahoa Parish","22105"
"1142","LA","22","101","St. Mary Parish","22101"
"1143","LA","22","097","St. Landry Parish","22097"
"1144","LA","22","095","St. John the Baptist Parish","22095"
"1145","LA","22","093","St. James Parish","22093"
"1146","LA","22","091","St. Helena Parish","22091"
"1147","LA","22","089","St. Charles Parish","22089"
"1148","LA","22","087","St. Bernard Parish","22087"
"1149","LA","22","085","Sabine Parish","22085"
"1150","LA","22","083","Richland Parish","22083"
"1151","LA","22","081","Red River Parish","22081"
"1152","LA","22","079","Rapides Parish","22079"
"1153","LA","22","077","Pointe Coupee Parish","22077"
"1154","LA","22","073","Ouachita Parish","22073"
"1155","LA","22","071","Orleans Parish","22071"
"1156","LA","22","069","Natchitoches Parish","22069"
"1157","LA","22","067","Morehouse Parish","22067"
"1158","LA","22","065","Madison Parish","22065"
"1159","LA","22","061","Lincoln Parish","22061"
"1160","LA","22","059","La Salle Parish","22059"
"1161","LA","22","057","Lafourche Parish","22057"
"1162","LA","22","055","Lafayette Parish","22055"
"1163","LA","22","053","Jefferson Davis Parish","22053"
"1164","OH","39","017","Butler","39017"
"1165","LA","22","045","Iberia Parish","22045"
"1166","OH","39","015","Brown","39015"
"1167","LA","22","041","Franklin Parish","22041"
"1168","LA","22","039","Evangeline Parish","22039"
"1169","LA","22","037","East Feliciana Parish","22037"
"1170","LA","22","035","East Carroll Parish","22035"
"1171","LA","22","033","East Baton Rouge Parish","22033"
"1172","LA","22","031","De Soto Parish","22031"
"1173","LA","22","029","Concordia Parish","22029"
"1174","LA","22","027","Claiborne Parish","22027"
"1175","LA","22","025","Catahoula Parish","22025"
"1176","LA","22","023","Cameron Parish","22023"
"1177","LA","22","021","Caldwell Parish","22021"
"1178","OH","39","013","Belmont","39013"
"1179","LA","22","017","Caddo Parish","22017"
"1180","LA","22","015","Bossier Parish","22015"
"1181","LA","22","013","Bienville Parish","22013"
"1182","LA","22","011","Beauregard Parish","22011"
"1183","LA","22","009","Avoyelles Parish","22009"
"1184","OH","39","011","Auglaize","39011"
"1185","OH","39","009","Athens","39009"
"1186","OH","39","003","Allen","39003"
"1187","LA","22","001","Acadia Parish","22001"
"1188","KY","21","239","Woodford","21239"
"1189","KY","21","237","Wolfe","21237"
"1190","KY","21","235","Whitley","21235"
"1191","KY","21","233","Webster","21233"
"1192","KY","21","231","Wayne","21231"
"1193","KY","21","229","Washington","21229"
"1194","OH","39","001","Adams","39001"
"1195","KY","21","225","Union","21225"
"1196","ND","38","103","Wells","38103"
"1197","KY","21","221","Trigg","21221"
"1198","KY","21","219","Todd","21219"
"1199","KY","21","217","Taylor","21217"
"1200","KY","21","215","Spencer","21215"
"1201","KY","21","213","Simpson","21213"
"1202","KY","21","211","Shelby","21211"
"1203","KY","21","209","Scott","21209"
"1204","KY","21","207","Russell","21207"
"1205","KY","21","205","Rowan","21205"
"1206","KY","21","203","Rockcastle","21203"
"1207","KY","21","201","Robertson","21201"
"1208","KY","21","199","Pulaski","21199"
"1209","KY","21","197","Powell","21197"
"1210","KY","21","195","Pike","21195"
"1211","KY","21","193","Perry","21193"
"1212","ND","38","099","Walsh","38099"
"1213","KY","21","189","Owsley","21189"
"1214","ND","38","085","Sioux","38085"
"1215","KY","21","185","Oldham","21185"
"1216","KY","21","183","Ohio","21183"
"1217","KY","21","181","Nicholas","21181"
"1218","KY","21","179","Nelson","21179"
"1219","KY","21","177","Muhlenberg","21177"
"1220","KY","21","175","Morgan","21175"
"1221","KY","21","173","Montgomery","21173"
"1222","KY","21","171","Monroe","21171"
"1223","KY","21","169","Metcalfe","21169"
"1224","KY","21","167","Mercer","21167"
"1225","KY","21","165","Menifee","21165"
"1226","ND","38","071","Ramsey","38071"
"1227","KY","21","161","Mason","21161"
"1228","KY","21","159","Martin","21159"
"1229","ND","38","069","Pierce","38069"
"1230","KY","21","155","Marion","21155"
"1231","KY","21","153","Magoffin","21153"
"1232","KY","21","151","Madison","21151"
"1233","ND","38","053","McKenzie","38053"
"1234","KY","21","147","McCreary","21147"
"1235","KY","21","145","McCracken","21145"
"1236","ND","38","043","Kidder","38043"
"1237","KY","21","141","Logan","21141"
"1238","ND","38","017","Cass","38017"
"1239","KY","21","137","Lincoln","21137"
"1240","KY","21","135","Lewis","21135"
"1241","KY","21","133","Letcher","21133"
"1242","KY","21","131","Leslie","21131"
"1243","KY","21","129","Lee","21129"
"1244","KY","21","127","Lawrence","21127"
"1245","KY","21","125","Laurel","21125"
"1246","KY","21","123","Larue","21123"
"1247","KY","21","121","Knox","21121"
"1248","KY","21","119","Knott","21119"
"1249","KY","21","117","Kenton","21117"
"1250","KY","21","115","Johnson","21115"
"1251","KY","21","113","Jessamine","21113"
"1252","KY","21","111","Jefferson","21111"
"1253","KY","21","109","Jackson","21109"
"1254","KY","21","107","Hopkins","21107"
"1255","KY","21","105","Hickman","21105"
"1256","KY","21","103","Henry","21103"
"1257","KY","21","101","Henderson","21101"
"1258","KY","21","099","Hart","21099"
"1259","KY","21","097","Harrison","21097"
"1260","KY","21","095","Harlan","21095"
"1261","ND","38","015","Burleigh","38015"
"1262","KY","21","091","Hancock","21091"
"1263","KY","21","089","Greenup","21089"
"1264","KY","21","087","Green","21087"
"1265","KY","21","085","Grayson","21085"
"1266","ND","38","011","Bowman","38011"
"1267","KY","21","081","Grant","21081"
"1268","KY","21","079","Garrard","21079"
"1269","KY","21","077","Gallatin","21077"
"1270","KY","21","073","Franklin","21073"
"1271","KY","21","071","Floyd","21071"
"1272","KY","21","069","Fleming","21069"
"1273","KY","21","067","Fayette","21067"
"1274","KY","21","065","Estill","21065"
"1275","KY","21","063","Elliott","21063"
"1276","KY","21","061","Edmonson","21061"
"1277","KY","21","059","Daviess","21059"
"1278","KY","21","057","Cumberland","21057"
"1279","KY","21","055","Crittenden","21055"
"1280","KY","21","053","Clinton","21053"
"1281","KY","21","051","Clay","21051"
"1282","KY","21","049","Clark","21049"
"1283","KY","21","047","Christian","21047"
"1284","KY","21","045","Casey","21045"
"1285","KY","21","043","Carter","21043"
"1286","KY","21","041","Carroll","21041"
"1287","KY","21","037","Campbell","21037"
"1288","KY","21","035","Calloway","21035"
"1289","KY","21","033","Caldwell","21033"
"1290","KY","21","029","Bullitt","21029"
"1291","KY","21","027","Breckinridge","21027"
"1292","KY","21","025","Breathitt","21025"
"1293","KY","21","021","Boyle","21021"
"1294","KY","21","019","Boyd","21019"
"1295","KY","21","017","Bourbon","21017"
"1296","KY","21","015","Boone","21015"
"1297","KY","21","013","Bell","21013"
"1298","KY","21","011","Bath","21011"
"1299","KY","21","009","Barren","21009"
"1300","KY","21","007","Ballard","21007"
"1301","KY","21","005","Anderson","21005"
"1302","KY","21","003","Allen","21003"
"1303","KY","21","001","Adair","21001"
"1304","KS","20","209","Wyandotte","20209"
"1305","KS","20","205","Wilson","20205"
"1306","KS","20","203","Wichita","20203"
"1307","KS","20","201","Washington","20201"
"1308","KS","20","195","Trego","20195"
"1309","KS","20","193","Thomas","20193"
"1310","KS","20","191","Sumner","20191"
"1311","KS","20","189","Stevens","20189"
"1312","KS","20","187","Stanton","20187"
"1313","KS","20","183","Smith","20183"
"1314","KS","20","181","Sherman","20181"
"1315","KS","20","179","Sheridan","20179"
"1316","KS","20","177","Shawnee","20177"
"1317","KS","20","175","Seward","20175"
"1318","KS","20","173","Sedgwick","20173"
"1319","KS","20","171","Scott","20171"
"1320","KS","20","169","Saline","20169"
"1321","KS","20","167","Russell","20167"
"1322","KS","20","165","Rush","20165"
"1323","KS","20","163","Rooks","20163"
"1324","KS","20","161","Riley","20161"
"1325","KS","20","159","Rice","20159"
"1326","KS","20","157","Republic","20157"
"1327","KS","20","155","Reno","20155"
"1328","KS","20","153","Rawlins","20153"
"1329","KS","20","151","Pratt","20151"
"1330","KS","20","149","Pottawatomie","20149"
"1331","KS","20","145","Pawnee","20145"
"1332","KS","20","143","Ottawa","20143"
"1333","KS","20","141","Osborne","20141"
"1334","KS","20","137","Norton","20137"
"1335","KS","20","135","Ness","20135"
"1336","KS","20","133","Neosho","20133"
"1337","KS","20","131","Nemaha","20131"
"1338","KS","20","129","Morton","20129"
"1339","KS","20","127","Morris","20127"
"1340","KS","20","125","Montgomery","20125"
"1341","KS","20","123","Mitchell","20123"
"1342","KS","20","121","Miami","20121"
"1343","KS","20","119","Meade","20119"
"1344","KS","20","117","Marshall","20117"
"1345","KS","20","113","McPherson","20113"
"1346","KS","20","111","Lyon","20111"
"1347","KS","20","109","Logan","20109"
"1348","KS","20","105","Lincoln","20105"
"1349","KS","20","103","Leavenworth","20103"
"1350","KS","20","101","Lane","20101"
"1351","KS","20","099","Labette","20099"
"1352","KS","20","091","Johnson","20091"
"1353","KS","20","085","Jackson","20085"
"1354","KS","20","083","Hodgeman","20083"
"1355","KS","20","079","Harvey","20079"
"1356","KS","20","077","Harper","20077"
"1357","KS","20","073","Greenwood","20073"
"1358","KS","20","071","Greeley","20071"
"1359","KS","20","067","Grant","20067"
"1360","KS","20","065","Graham","20065"
"1361","KS","20","063","Gove","20063"
"1362","KS","20","061","Geary","20061"
"1363","KS","20","059","Franklin","20059"
"1364","KS","20","057","Ford","20057"
"1365","KS","20","055","Finney","20055"
"1366","KS","20","053","Ellsworth","20053"
"1367","KS","20","051","Ellis","20051"
"1368","KS","20","047","Edwards","20047"
"1369","KS","20","045","Douglas","20045"
"1370","KS","20","043","Doniphan","20043"
"1371","KS","20","041","Dickinson","20041"
"1372","KS","20","039","Decatur","20039"
"1373","KS","20","037","Crawford","20037"
"1374","KS","20","035","Cowley","20035"
"1375","KS","20","033","Comanche","20033"
"1376","KS","20","031","Coffey","20031"
"1377","KS","20","029","Cloud","20029"
"1378","KS","20","027","Clay","20027"
"1379","KS","20","025","Clark","20025"
"1380","KS","20","023","Cheyenne","20023"
"1381","KS","20","021","Cherokee","20021"
"1382","KS","20","015","Butler","20015"
"1383","KS","20","013","Brown","20013"
"1384","KS","20","011","Bourbon","20011"
"1385","KS","20","009","Barton","20009"
"1386","KS","20","007","Barber","20007"
"1387","KS","20","005","Atchison","20005"
"1388","KS","20","003","Anderson","20003"
"1389","KS","20","001","Allen","20001"
"1390","IA","19","197","Wright","19197"
"1391","IA","19","195","Worth","19195"
"1392","IA","19","193","Woodbury","19193"
"1393","IA","19","191","Winneshiek","19191"
"1394","IA","19","189","Winnebago","19189"
"1395","IA","19","185","Wayne","19185"
"1396","IA","19","183","Washington","19183"
"1397","IA","19","181","Warren","19181"
"1398","IA","19","179","Wapello","19179"
"1399","IA","19","175","Union","19175"
"1400","IA","19","169","Story","19169"
"1401","IA","19","167","Sioux","19167"
"1402","IA","19","163","Scott","19163"
"1403","IA","19","159","Ringgold","19159"
"1404","IA","19","157","Poweshiek","19157"
"1405","IA","19","153","Polk","19153"
"1406","IA","19","145","Page","19145"
"1407","IA","19","143","Osceola","19143"
"1408","IA","19","141","O'Brien","19141"
"1409","IA","19","139","Muscatine","19139"
"1410","IA","19","137","Montgomery","19137"
"1411","IA","19","135","Monroe","19135"
"1412","IA","19","133","Monona","19133"
"1413","IA","19","129","Mills","19129"
"1414","IA","19","127","Marshall","19127"
"1415","IA","19","125","Marion","19125"
"1416","IA","19","123","Mahaska","19123"
"1417","IA","19","121","Madison","19121"
"1418","IA","19","113","Linn","19113"
"1419","IA","19","105","Jones","19105"
"1420","IA","19","103","Johnson","19103"
"1421","IA","19","095","Iowa","19095"
"1422","IA","19","089","Howard","19089"
"1423","IA","19","085","Harrison","19085"
"1424","IA","19","081","Hancock","19081"
"1425","IA","19","071","Fremont","19071"
"1426","IA","19","069","Franklin","19069"
"1427","IA","19","067","Floyd","19067"
"1428","IA","19","063","Emmet","19063"
"1429","IA","19","061","Dubuque","19061"
"1430","IA","19","059","Dickinson","19059"
"1431","IA","19","057","Des Moines","19057"
"1432","IA","19","053","Decatur","19053"
"1433","IA","19","051","Davis","19051"
"1434","IA","19","047","Crawford","19047"
"1435","IA","19","045","Clinton","19045"
"1436","IA","19","043","Clayton","19043"
"1437","IA","19","041","Clay","19041"
"1438","IA","19","039","Clarke","19039"
"1439","IA","19","035","Cherokee","19035"
"1440","IA","19","033","Cerro Gordo","19033"
"1441","IA","19","029","Cass","19029"
"1442","IA","19","023","Butler","19023"
"1443","IA","19","021","Buena Vista","19021"
"1444","IA","19","017","Bremer","19017"
"1445","IA","19","013","Black Hawk","19013"
"1446","IA","19","009","Audubon","19009"
"1447","IA","19","007","Appanoose","19007"
"1448","IA","19","005","Allamakee","19005"
"1449","IA","19","003","Adams","19003"
"1450","IN","18","183","Whitley","18183"
"1451","IN","18","181","White","18181"
"1452","IN","18","179","Wells","18179"
"1453","IN","18","177","Wayne","18177"
"1454","IN","18","173","Warrick","18173"
"1455","IN","18","169","Wabash","18169"
"1456","IN","18","167","Vigo","18167"
"1457","IN","18","165","Vermillion","18165"
"1458","IN","18","163","Vanderburgh","18163"
"1459","IN","18","161","Union","18161"
"1460","IN","18","159","Tipton","18159"
"1461","IN","18","157","Tippecanoe","18157"
"1462","IN","18","149","Starke","18149"
"1463","IN","18","147","Spencer","18147"
"1464","IN","18","145","Shelby","18145"
"1465","IN","18","143","Scott","18143"
"1466","IN","18","141","St. Joseph","18141"
"1467","IN","18","139","Rush","18139"
"1468","IN","18","137","Ripley","18137"
"1469","IN","18","135","Randolph","18135"
"1470","IN","18","133","Putnam","18133"
"1471","IN","18","127","Porter","18127"
"1472","IN","18","125","Pike","18125"
"1473","IN","18","123","Perry","18123"
"1474","IN","18","121","Parke","18121"
"1475","IN","18","117","Orange","18117"
"1476","IN","18","107","Montgomery","18107"
"1477","IN","18","103","Miami","18103"
"1478","IN","18","099","Marshall","18099"
"1479","IN","18","097","Marion","18097"
"1480","IN","18","095","Madison","18095"
"1481","IN","18","093","Lawrence","18093"
"1482","IN","18","091","LaPorte","18091"
"1483","IN","18","089","Lake","18089"
"1484","IN","18","085","Kosciusko","18085"
"1485","IN","18","083","Knox","18083"
"1486","IN","18","081","Johnson","18081"
"1487","IN","18","079","Jennings","18079"
"1488","IN","18","077","Jefferson","18077"
"1489","IN","18","071","Jackson","18071"
"1490","IN","18","069","Huntington","18069"
"1491","IN","18","067","Howard","18067"
"1492","IN","18","065","Henry","18065"
"1493","IN","18","063","Hendricks","18063"
"1494","IN","18","061","Harrison","18061"
"1495","IN","18","059","Hancock","18059"
"1496","IN","18","057","Hamilton","18057"
"1497","IN","18","055","Greene","18055"
"1498","IN","18","053","Grant","18053"
"1499","IN","18","051","Gibson","18051"
"1500","IN","18","049","Fulton","18049"
"1501","IN","18","047","Franklin","18047"
"1502","IN","18","043","Floyd","18043"
"1503","IN","18","041","Fayette","18041"
"1504","IN","18","037","Dubois","18037"
"1505","IN","18","035","Delaware","18035"
"1506","IN","18","031","Decatur","18031"
"1507","IN","18","029","Dearborn","18029"
"1508","IN","18","027","Daviess","18027"
"1509","IN","18","025","Crawford","18025"
"1510","IN","18","021","Clay","18021"
"1511","IN","18","019","Clark","18019"
"1512","IN","18","017","Cass","18017"
"1513","IN","18","011","Boone","18011"
"1514","IN","18","007","Benton","18007"
"1515","IN","18","005","Bartholomew","18005"
"1516","IN","18","003","Allen","18003"
"1517","IL","17","201","Winnebago","17201"
"1518","IL","17","199","Williamson","17199"
"1519","IL","17","195","Whiteside","17195"
"1520","IL","17","193","White","17193"
"1521","IL","17","191","Wayne","17191"
"1522","IL","17","187","Warren","17187"
"1523","IL","17","185","Wabash","17185"
"1524","IL","17","181","Union","17181"
"1525","IL","17","179","Tazewell","17179"
"1526","IL","17","177","Stephenson","17177"
"1527","IL","17","167","Sangamon","17167"
"1528","IL","17","165","Saline","17165"
"1529","IL","17","161","Rock Island","17161"
"1530","IL","17","159","Richland","17159"
"1531","IL","17","155","Putnam","17155"
"1532","IL","17","153","Pulaski","17153"
"1533","IL","17","145","Perry","17145"
"1534","IL","17","143","Peoria","17143"
"1535","IL","17","137","Morgan","17137"
"1536","IL","17","135","Montgomery","17135"
"1537","IL","17","127","Massac","17127"
"1538","IL","17","121","Marion","17121"
"1539","IL","17","115","Macon","17115"
"1540","IL","17","113","McLean","17113"
"1541","IL","17","111","McHenry","17111"
"1542","IL","17","109","McDonough","17109"
"1543","IL","17","107","Logan","17107"
"1544","IL","17","101","Lawrence","17101"
"1545","IL","17","097","Lake","17097"
"1546","IL","17","095","Knox","17095"
"1547","ND","38","005","Benson","38005"
"1548","IL","17","093","Kendall","17093"
"1549","ND","38","001","Adams","38001"
"1550","IL","17","091","Kankakee","17091"
"1551","NC","37","199","Yancey","37199"
"1552","IL","17","089","Kane","17089"
"1553","NC","37","197","Yadkin","37197"
"1554","IL","17","085","Jo Daviess","17085"
"1555","NC","37","195","Wilson","37195"
"1556","IL","17","081","Jefferson","17081"
"1557","NC","37","193","Wilkes","37193"
"1558","IL","17","079","Jasper","17079"
"1559","NC","37","191","Wayne","37191"
"1560","IL","17","077","Jackson","17077"
"1561","NC","37","189","Watauga","37189"
"1562","IL","17","067","Hancock","17067"
"1563","NC","37","187","Washington","37187"
"1564","IL","17","063","Grundy","17063"
"1565","NC","37","185","Warren","37185"
"1566","IL","17","061","Greene","17061"
"1567","NC","37","183","Wake","37183"
"1568","IL","17","057","Fulton","17057"
"1569","NC","37","181","Vance","37181"
"1570","IL","17","055","Franklin","17055"
"1571","NC","37","179","Union","37179"
"1572","IL","17","053","Ford","17053"
"1573","NC","37","175","Transylvania","37175"
"1574","IL","17","049","Effingham","17049"
"1575","NC","37","173","Swain","37173"
"1576","IL","17","047","Edwards","17047"
"1577","NC","37","171","Surry","37171"
"1578","IL","17","045","Edgar","17045"
"1579","NC","37","167","Stanly","37167"
"1580","IL","17","043","DuPage","17043"
"1581","NC","37","165","Scotland","37165"
"1582","IL","17","035","Cumberland","17035"
"1583","NC","37","163","Sampson","37163"
"1584","IL","17","033","Crawford","17033"
"1585","NC","37","161","Rutherford","37161"
"1586","IL","17","029","Coles","17029"
"1587","NC","37","159","Rowan","37159"
"1588","IL","17","023","Clark","17023"
"1589","NC","37","157","Rockingham","37157"
"1590","IL","17","021","Christian","17021"
"1591","NC","37","153","Richmond","37153"
"1592","IL","17","019","Champaign","17019"
"1593","NC","37","151","Randolph","37151"
"1594","IL","17","011","Bureau","17011"
"1595","NC","37","149","Polk","37149"
"1596","IL","17","007","Boone","17007"
"1597","NC","37","147","Pitt","37147"
"1598","IL","17","005","Bond","17005"
"1599","NC","37","145","Person","37145"
"1600","IL","17","003","Alexander","17003"
"1601","NC","37","143","Perquimans","37143"
"1602","IL","17","001","Adams","17001"
"1603","NC","37","141","Pender","37141"
"1604","ID","16","087","Washington","16087"
"1605","NC","37","139","Pasquotank","37139"
"1606","ID","16","085","Valley","16085"
"1607","NC","37","137","Pamlico","37137"
"1608","ID","16","083","Twin Falls","16083"
"1609","NC","37","135","Orange","37135"
"1610","ID","16","079","Shoshone","16079"
"1611","NC","37","133","Onslow","37133"
"1612","ID","16","077","Power","16077"
"1613","NC","37","131","Northampton","37131"
"1614","ID","16","075","Payette","16075"
"1615","NC","37","129","New Hanover","37129"
"1616","ID","16","069","Nez Perce","16069"
"1617","NC","37","127","Nash","37127"
"1618","ID","16","067","Minidoka","16067"
"1619","NC","37","125","Moore","37125"
"1620","ID","16","065","Madison","16065"
"1621","NC","37","121","Mitchell","37121"
"1622","ID","16","061","Lewis","16061"
"1623","NC","37","119","Mecklenburg","37119"
"1624","ID","16","059","Lemhi","16059"
"1625","NC","37","117","Martin","37117"
"1626","ID","16","057","Latah","16057"
"1627","NC","37","115","Madison","37115"
"1628","ID","16","055","Kootenai","16055"
"1629","NC","37","113","Macon","37113"
"1630","ID","16","053","Jerome","16053"
"1631","NC","37","111","McDowell","37111"
"1632","ID","16","051","Jefferson","16051"
"1633","NC","37","109","Lincoln","37109"
"1634","ID","16","049","Idaho","16049"
"1635","NC","37","107","Lenoir","37107"
"1636","ID","16","047","Gooding","16047"
"1637","NC","37","105","Lee","37105"
"1638","ID","16","045","Gem","16045"
"1639","NC","37","103","Jones","37103"
"1640","ID","16","035","Clearwater","16035"
"1641","NC","37","101","Johnston","37101"
"1642","ID","16","031","Cassia","16031"
"1643","NC","37","099","Jackson","37099"
"1644","ID","16","029","Caribou","16029"
"1645","NC","37","097","Iredell","37097"
"1646","ID","16","027","Canyon","16027"
"1647","NC","37","093","Hoke","37093"
"1648","ID","16","023","Butte","16023"
"1649","NC","37","091","Hertford","37091"
"1650","ID","16","017","Bonner","16017"
"1651","NC","37","089","Henderson","37089"
"1652","ID","16","011","Bingham","16011"
"1653","NC","37","087","Haywood","37087"
"1654","ID","16","009","Benewah","16009"
"1655","NC","37","083","Halifax","37083"
"1656","ID","16","007","Bear Lake","16007"
"1657","NC","37","081","Guilford","37081"
"1658","ID","16","005","Bannock","16005"
"1659","NC","37","079","Greene","37079"
"1660","ID","16","003","Adams","16003"
"1661","NC","37","077","Granville","37077"
"1662","ID","16","001","Ada","16001"
"1663","NC","37","075","Graham","37075"
"1664","HI","15","007","Kauai","15007"
"1665","NC","37","073","Gates","37073"
"1666","HI","15","005","Kalawao","15005"
"1667","NC","37","071","Gaston","37071"
"1668","GA","13","321","Worth","13321"
"1669","NC","37","069","Franklin","37069"
"1670","GA","13","319","Wilkinson","13319"
"1671","NC","37","067","Forsyth","37067"
"1672","GA","13","317","Wilkes","13317"
"1673","NC","37","065","Edgecombe","37065"
"1674","GA","13","315","Wilcox","13315"
"1675","NC","37","063","Durham","37063"
"1676","GA","13","313","Whitfield","13313"
"1677","NC","37","061","Duplin","37061"
"1678","GA","13","311","White","13311"
"1679","NC","37","059","Davie","37059"
"1680","GA","13","309","Wheeler","13309"
"1681","NC","37","057","Davidson","37057"
"1682","GA","13","307","Webster","13307"
"1683","NC","37","051","Cumberland","37051"
"1684","GA","13","305","Wayne","13305"
"1685","NC","37","049","Craven","37049"
"1686","GA","13","303","Washington","13303"
"1687","NC","37","047","Columbus","37047"
"1688","GA","13","301","Warren","13301"
"1689","NC","37","045","Cleveland","37045"
"1690","GA","13","299","Ware","13299"
"1691","NC","37","041","Chowan","37041"
"1692","GA","13","297","Walton","13297"
"1693","NC","37","039","Cherokee","37039"
"1694","GA","13","295","Walker","13295"
"1695","NC","37","037","Chatham","37037"
"1696","GA","13","293","Upson","13293"
"1697","NC","37","035","Catawba","37035"
"1698","GA","13","291","Union","13291"
"1699","NC","37","033","Caswell","37033"
"1700","GA","13","289","Twiggs","13289"
"1701","NC","37","031","Carteret","37031"
"1702","GA","13","287","Turner","13287"
"1703","NC","37","029","Camden","37029"
"1704","GA","13","285","Troup","13285"
"1705","NC","37","027","Caldwell","37027"
"1706","GA","13","283","Treutlen","13283"
"1707","NC","37","025","Cabarrus","37025"
"1708","GA","13","281","Towns","13281"
"1709","NC","37","023","Burke","37023"
"1710","GA","13","279","Toombs","13279"
"1711","NC","37","021","Buncombe","37021"
"1712","GA","13","277","Tift","13277"
"1713","NC","37","019","Brunswick","37019"
"1714","GA","13","275","Thomas","13275"
"1715","NC","37","017","Bladen","37017"
"1716","GA","13","273","Terrell","13273"
"1717","NC","37","015","Bertie","37015"
"1718","GA","13","271","Telfair","13271"
"1719","NC","37","011","Avery","37011"
"1720","GA","13","269","Taylor","13269"
"1721","NC","37","009","Ashe","37009"
"1722","GA","13","267","Tattnall","13267"
"1723","NC","37","005","Alleghany","37005"
"1724","GA","13","265","Taliaferro","13265"
"1725","NC","37","003","Alexander","37003"
"1726","GA","13","263","Talbot","13263"
"1727","NC","37","001","Alamance","37001"
"1728","GA","13","261","Sumter","13261"
"1729","NY","36","123","Yates","36123"
"1730","GA","13","259","Stewart","13259"
"1731","NY","36","121","Wyoming","36121"
"1732","GA","13","257","Stephens","13257"
"1733","NY","36","119","Westchester","36119"
"1734","GA","13","255","Spalding","13255"
"1735","NY","36","115","Washington","36115"
"1736","GA","13","253","Seminole","13253"
"1737","NY","36","113","Warren","36113"
"1738","GA","13","251","Screven","13251"
"1739","NY","36","109","Tompkins","36109"
"1740","GA","13","249","Schley","13249"
"1741","NY","36","107","Tioga","36107"
"1742","GA","13","247","Rockdale","13247"
"1743","NY","36","103","Suffolk","36103"
"1744","GA","13","245","Richmond","13245"
"1745","NY","36","099","Seneca","36099"
"1746","GA","13","243","Randolph","13243"
"1747","NY","36","097","Schuyler","36097"
"1748","GA","13","241","Rabun","13241"
"1749","NY","36","093","Schenectady","36093"
"1750","GA","13","239","Quitman","13239"
"1751","NY","36","091","Saratoga","36091"
"1752","GA","13","235","Pulaski","13235"
"1753","NY","36","087","Rockland","36087"
"1754","GA","13","233","Polk","13233"
"1755","NY","36","083","Rensselaer","36083"
"1756","GA","13","231","Pike","13231"
"1757","NY","36","081","Queens","36081"
"1758","GA","13","229","Pierce","13229"
"1759","NY","36","079","Putnam","36079"
"1760","GA","13","227","Pickens","13227"
"1761","NY","36","075","Oswego","36075"
"1762","GA","13","225","Peach","13225"
"1763","NY","36","073","Orleans","36073"
"1764","GA","13","223","Paulding","13223"
"1765","NY","36","071","Orange","36071"
"1766","GA","13","219","Oconee","13219"
"1767","NY","36","069","Ontario","36069"
"1768","GA","13","217","Newton","13217"
"1769","NY","36","067","Onondaga","36067"
"1770","GA","13","215","Muscogee","13215"
"1771","NY","36","061","New York","36061"
"1772","GA","13","213","Murray","13213"
"1773","NY","36","059","Nassau","36059"
"1774","GA","13","211","Morgan","13211"
"1775","NY","36","057","Montgomery","36057"
"1776","GA","13","209","Montgomery","13209"
"1777","NY","36","053","Madison","36053"
"1778","GA","13","207","Monroe","13207"
"1779","NY","36","051","Livingston","36051"
"1780","GA","13","205","Mitchell","13205"
"1781","NY","36","049","Lewis","36049"
"1782","GA","13","201","Miller","13201"
"1783","NY","36","047","Kings","36047"
"1784","GA","13","199","Meriwether","13199"
"1785","NY","36","043","Herkimer","36043"
"1786","GA","13","197","Marion","13197"
"1787","NY","36","039","Greene","36039"
"1788","GA","13","193","Macon","13193"
"1789","NY","36","037","Genesee","36037"
"1790","GA","13","189","McDuffie","13189"
"1791","NY","36","035","Fulton","36035"
"1792","GA","13","187","Lumpkin","13187"
"1793","NY","36","033","Franklin","36033"
"1794","GA","13","185","Lowndes","13185"
"1795","NY","36","031","Essex","36031"
"1796","GA","13","175","Laurens","13175"
"1797","NY","36","027","Dutchess","36027"
"1798","GA","13","173","Lanier","13173"
"1799","NY","36","023","Cortland","36023"
"1800","GA","13","171","Lamar","13171"
"1801","NY","36","021","Columbia","36021"
"1802","GA","13","169","Jones","13169"
"1803","NY","36","019","Clinton","36019"
"1804","GA","13","167","Johnson","13167"
"1805","NY","36","017","Chenango","36017"
"1806","GA","13","165","Jenkins","13165"
"1807","NY","36","015","Chemung","36015"
"1808","GA","13","163","Jefferson","13163"
"1809","NY","36","013","Chautauqua","36013"
"1810","GA","13","161","Jeff Davis","13161"
"1811","NY","36","009","Cattaraugus","36009"
"1812","GA","13","157","Jackson","13157"
"1813","NY","36","007","Broome","36007"
"1814","GA","13","155","Irwin","13155"
"1815","NY","36","005","Bronx","36005"
"1816","GA","13","153","Houston","13153"
"1817","NY","36","001","Albany","36001"
"1818","GA","13","151","Henry","13151"
"1819","NM","35","057","Torrance","35057"
"1820","GA","13","149","Heard","13149"
"1821","NM","35","055","Taos","35055"
"1822","GA","13","147","Hart","13147"
"1823","NM","35","053","Socorro","35053"
"1824","GA","13","143","Haralson","13143"
"1825","NM","35","051","Sierra","35051"
"1826","GA","13","141","Hancock","13141"
"1827","NM","35","047","San Miguel","35047"
"1828","GA","13","139","Hall","13139"
"1829","NM","35","045","San Juan","35045"
"1830","GA","13","137","Habersham","13137"
"1831","NM","35","043","Sandoval","35043"
"1832","GA","13","135","Gwinnett","13135"
"1833","NM","35","041","Roosevelt","35041"
"1834","GA","13","131","Grady","13131"
"1835","NM","35","037","Quay","35037"
"1836","GA","13","129","Gordon","13129"
"1837","NM","35","035","Otero","35035"
"1838","GA","13","127","Glynn","13127"
"1839","NM","35","031","McKinley","35031"
"1840","GA","13","125","Glascock","13125"
"1841","NM","35","029","Luna","35029"
"1842","GA","13","123","Gilmer","13123"
"1843","NM","35","028","Los Alamos","35028"
"1844","GA","13","121","Fulton","13121"
"1845","NM","35","023","Hidalgo","35023"
"1846","GA","13","119","Franklin","13119"
"1847","NM","35","019","Guadalupe","35019"
"1848","GA","13","117","Forsyth","13117"
"1849","NM","35","017","Grant","35017"
"1850","GA","13","115","Floyd","13115"
"1851","NM","35","015","Eddy","35015"
"1852","GA","13","113","Fayette","13113"
"1853","NM","35","013","Dona Ana","35013"
"1854","GA","13","111","Fannin","13111"
"1855","NM","35","011","De Baca","35011"
"1856","GA","13","109","Evans","13109"
"1857","NM","35","009","Curry","35009"
"1858","GA","13","107","Emanuel","13107"
"1859","NM","35","006","Cibola","35006"
"1860","GA","13","105","Elbert","13105"
"1861","NM","35","005","Chaves","35005"
"1862","GA","13","101","Echols","13101"
"1863","NM","35","003","Catron","35003"
"1864","GA","13","099","Early","13099"
"1865","NM","35","001","Bernalillo","35001"
"1866","GA","13","097","Douglas","13097"
"1867","GA","13","095","Dougherty","13095"
"1868","NJ","34","041","Warren","34041"
"1869","GA","13","093","Dooly","13093"
"1870","NJ","34","039","Union","34039"
"1871","GA","13","091","Dodge","13091"
"1872","NJ","34","037","Sussex","34037"
"1873","GA","13","089","DeKalb","13089"
"1874","NJ","34","035","Somerset","34035"
"1875","GA","13","087","Decatur","13087"
"1876","NJ","34","033","Salem","34033"
"1877","GA","13","085","Dawson","13085"
"1878","NJ","34","031","Passaic","34031"
"1879","GA","13","081","Crisp","13081"
"1880","NJ","34","029","Ocean","34029"
"1881","GA","13","077","Coweta","13077"
"1882","NJ","34","027","Morris","34027"
"1883","GA","13","075","Cook","13075"
"1884","NJ","34","025","Monmouth","34025"
"1885","GA","13","073","Columbia","13073"
"1886","NJ","34","023","Middlesex","34023"
"1887","GA","13","071","Colquitt","13071"
"1888","NJ","34","021","Mercer","34021"
"1889","GA","13","069","Coffee","13069"
"1890","NJ","34","019","Hunterdon","34019"
"1891","GA","13","067","Cobb","13067"
"1892","NJ","34","017","Hudson","34017"
"1893","GA","13","065","Clinch","13065"
"1894","NJ","34","015","Gloucester","34015"
"1895","GA","13","063","Clayton","13063"
"1896","NJ","34","013","Essex","34013"
"1897","GA","13","061","Clay","13061"
"1898","NJ","34","011","Cumberland","34011"
"1899","GA","13","059","Clarke","13059"
"1900","NJ","34","009","Cape May","34009"
"1901","GA","13","057","Cherokee","13057"
"1902","NJ","34","007","Camden","34007"
"1903","GA","13","055","Chattooga","13055"
"1904","NJ","34","005","Burlington","34005"
"1905","GA","13","053","Chattahoochee","13053"
"1906","NJ","34","003","Bergen","34003"
"1907","GA","13","051","Chatham","13051"
"1908","NJ","34","001","Atlantic","34001"
"1909","GA","13","049","Charlton","13049"
"1910","NH","33","017","Strafford","33017"
"1911","GA","13","047","Catoosa","13047"
"1912","NH","33","015","Rockingham","33015"
"1913","GA","13","045","Carroll","13045"
"1914","NH","33","009","Grafton","33009"
"1915","CO","08","083","Montezuma","08083"
"1916","GA","13","043","Candler","13043"
"1917","NH","33","007","Coos","33007"
"1918","GA","13","039","Camden","13039"
"1919","NH","33","003","Carroll","33003"
"1920","CO","08","077","Mesa","08077"
"1921","CO","08","075","Logan","08075"
"1922","CO","08","073","Lincoln","08073"
"1923","CO","08","071","Las Animas","08071"
"1924","GA","13","037","Calhoun","13037"
"1925","NH","33","001","Belknap","33001"
"1926","GA","13","035","Butts","13035"
"1927","NV","32","510","Carson City","32510"
"1928","CO","08","065","Lake","08065"
"1929","CO","08","063","Kit Carson","08063"
"1930","CO","08","061","Kiowa","08061"
"1931","CO","08","059","Jefferson","08059"
"1932","CO","08","057","Jackson","08057"
"1933","CO","08","055","Huerfano","08055"
"1934","CO","08","053","Hinsdale","08053"
"1935","CO","08","051","Gunnison","08051"
"1936","GA","13","033","Burke","13033"
"1937","NV","32","033","White Pine","32033"
"1938","GA","13","031","Bulloch","13031"
"1939","NV","32","013","Humboldt","32013"
"1940","CO","08","045","Garfield","08045"
"1941","CO","08","043","Fremont","08043"
"1942","GA","13","029","Bryan","13029"
"1943","NV","32","001","Churchill","32001"
"1944","GA","13","027","Brooks","13027"
"1945","NE","31","185","York","31185"
"1946","CO","08","037","Eagle","08037"
"1947","CO","08","035","Douglas","08035"
"1948","GA","13","025","Brantley","13025"
"1949","NE","31","183","Wheeler","31183"
"1950","CO","08","031","Denver","08031"
"1951","CO","08","029","Delta","08029"
"1952","GA","13","023","Bleckley","13023"
"1953","NE","31","181","Webster","31181"
"1954","CO","08","025","Crowley","08025"
"1955","GA","13","021","Bibb","13021"
"1956","NE","31","179","Wayne","31179"
"1957","CO","08","021","Conejos","08021"
"1958","GA","13","019","Berrien","13019"
"1959","NE","31","177","Washington","31177"
"1960","GA","13","017","Ben Hill","13017"
"1961","NE","31","175","Valley","31175"
"1962","CO","08","015","Chaffee","08015"
"1963","CO","08","014","Broomfield","08014"
"1964","CO","08","013","Boulder","08013"
"1965","CO","08","011","Bent","08011"
"1966","CO","08","009","Baca","08009"
"1967","GA","13","015","Bartow","13015"
"1968","NE","31","173","Thurston","31173"
"1969","GA","13","013","Barrow","13013"
"1970","NE","31","169","Thayer","31169"
"1971","CO","08","003","Alamosa","08003"
"1972","GA","13","011","Banks","13011"
"1973","NE","31","167","Stanton","31167"
"1974","GA","13","009","Baldwin","13009"
"1975","NE","31","165","Sioux","31165"
"1976","CA","06","113","Yolo","06113"
"1977","CA","06","111","Ventura","06111"
"1978","GA","13","007","Baker","13007"
"1979","NE","31","163","Sherman","31163"
"1980","GA","13","005","Bacon","13005"
"1981","NE","31","161","Sheridan","31161"
"1982","GA","13","003","Atkinson","13003"
"1983","NE","31","159","Seward","31159"
"1984","CA","06","103","Tehama","06103"
"1985","CA","06","101","Sutter","06101"
"1986","GA","13","001","Appling","13001"
"1987","NE","31","157","Scotts Bluff","31157"
"1988","FL","12","131","Walton","12131"
"1989","NE","31","155","Saunders","31155"
"1990","FL","12","127","Volusia","12127"
"1991","NE","31","153","Sarpy","31153"
"1992","FL","12","125","Union","12125"
"1993","NE","31","151","Saline","31151"
"1994","CA","06","091","Sierra","06091"
"1995","FL","12","123","Taylor","12123"
"1996","NE","31","149","Rock","31149"
"1997","CA","06","087","Santa Cruz","06087"
"1998","CA","06","085","Santa Clara","06085"
"1999","CA","06","083","Santa Barbara","06083"
"2000","CA","06","081","San Mateo","06081"
"2001","CA","06","079","San Luis Obispo","06079"
"2002","CA","06","077","San Joaquin","06077"
"2003","CA","06","075","San Francisco","06075"
"2004","FL","12","119","Sumter","12119"
"2005","NE","31","147","Richardson","31147"
"2006","FL","12","117","Seminole","12117"
"2007","NE","31","145","Red Willow","31145"
"2008","FL","12","115","Sarasota","12115"
"2009","NE","31","143","Polk","31143"
"2010","FL","12","113","Santa Rosa","12113"
"2011","NE","31","141","Platte","31141"
"2012","CA","06","065","Riverside","06065"
"2013","CA","06","063","Plumas","06063"
"2014","FL","12","111","St. Lucie","12111"
"2015","NE","31","139","Pierce","31139"
"2016","CA","06","059","Orange","06059"
"2017","FL","12","109","St. Johns","12109"
"2018","NE","31","137","Phelps","31137"
"2019","FL","12","107","Putnam","12107"
"2020","NE","31","135","Perkins","31135"
"2021","FL","12","105","Polk","12105"
"2022","NE","31","133","Pawnee","31133"
"2023","CA","06","051","Mono","06051"
"2024","CA","06","049","Modoc","06049"
"2025","CA","06","047","Merced","06047"
"2026","FL","12","103","Pinellas","12103"
"2027","NE","31","131","Otoe","31131"
"2028","FL","12","101","Pasco","12101"
"2029","NE","31","129","Nuckolls","31129"
"2030","CA","06","041","Marin","06041"
"2031","CA","06","039","Madera","06039"
"2032","FL","12","099","Palm Beach","12099"
"2033","NE","31","127","Nemaha","31127"
"2034","CA","06","035","Lassen","06035"
"2035","FL","12","097","Osceola","12097"
"2036","NE","31","125","Nance","31125"
"2037","CA","06","031","Kings","06031"
"2038","FL","12","095","Orange","12095"
"2039","NE","31","121","Merrick","31121"
"2040","FL","12","093","Okeechobee","12093"
"2041","NE","31","119","Madison","31119"
"2042","FL","12","091","Okaloosa","12091"
"2043","NE","31","115","Loup","31115"
"2044","CA","06","023","Humboldt","06023"
"2045","CA","06","021","Glenn","06021"
"2046","FL","12","087","Monroe","12087"
"2047","NE","31","111","Lincoln","31111"
"2048","FL","12","086","Miami-Dade","12086"
"2049","NE","31","109","Lancaster","31109"
"2050","CA","06","015","Del Norte","06015"
"2051","CA","06","013","Contra Costa","06013"
"2052","CA","06","011","Colusa","06011"
"2053","FL","12","083","Marion","12083"
"2054","NE","31","107","Knox","31107"
"2055","FL","12","081","Manatee","12081"
"2056","NE","31","105","Kimball","31105"
"2057","FL","12","079","Madison","12079"
"2058","NE","31","103","Keya Paha","31103"
"2059","FL","12","075","Levy","12075"
"2060","NE","31","101","Keith","31101"
"2061","CA","06","001","Alameda","06001"
"2062","AR","05","149","Yell","05149"
"2063","AR","05","147","Woodruff","05147"
"2064","AR","05","145","White","05145"
"2065","AR","05","143","Washington","05143"
"2066","AR","05","141","Van Buren","05141"
"2067","FL","12","073","Leon","12073"
"2068","NE","31","097","Johnson","31097"
"2069","AR","05","137","Stone","05137"
"2070","AR","05","135","Sharp","05135"
"2071","AR","05","133","Sevier","05133"
"2072","AR","05","131","Sebastian","05131"
"2073","AR","05","129","Searcy","05129"
"2074","FL","12","071","Lee","12071"
"2075","NE","31","095","Jefferson","31095"
"2076","AR","05","125","Saline","05125"
"2077","AR","05","123","St. Francis","05123"
"2078","AR","05","121","Randolph","05121"
"2079","AR","05","119","Pulaski","05119"
"2080","FL","12","069","Lake","12069"
"2081","NE","31","093","Howard","31093"
"2082","AR","05","115","Pope","05115"
"2083","AR","05","113","Polk","05113"
"2084","AR","05","111","Poinsett","05111"
"2085","AR","05","109","Pike","05109"
"2086","AR","05","107","Phillips","05107"
"2087","FL","12","065","Jefferson","12065"
"2088","NE","31","089","Holt","31089"
"2089","FL","12","063","Jackson","12063"
"2090","NE","31","083","Harlan","31083"
"2091","AR","05","101","Newton","05101"
"2092","AR","05","099","Nevada","05099"
"2093","FL","12","061","Indian River","12061"
"2094","NE","31","081","Hamilton","31081"
"2095","AR","05","095","Monroe","05095"
"2096","AR","05","093","Mississippi","05093"
"2097","AR","05","091","Miller","05091"
"2098","AR","05","089","Marion","05089"
"2099","AR","05","087","Madison","05087"
"2100","FL","12","059","Holmes","12059"
"2101","NE","31","079","Hall","31079"
"2102","AR","05","083","Logan","05083"
"2103","AR","05","081","Little River","05081"
"2104","FL","12","057","Hillsborough","12057"
"2105","NE","31","077","Greeley","31077"
"2106","AR","05","077","Lee","05077"
"2107","AR","05","075","Lawrence","05075"
"2108","AR","05","073","Lafayette","05073"
"2109","FL","12","055","Highlands","12055"
"2110","NE","31","073","Gosper","31073"
"2111","FL","12","053","Hernando","12053"
"2112","NE","31","071","Garfield","31071"
"2113","AR","05","067","Jackson","05067"
"2114","AR","05","065","Izard","05065"
"2115","AR","05","063","Independence","05063"
"2116","FL","12","049","Hardee","12049"
"2117","NE","31","067","Gage","31067"
"2118","AR","05","059","Hot Spring","05059"
"2119","AR","05","057","Hempstead","05057"
"2120","AR","05","055","Greene","05055"
"2121","AR","05","053","Grant","05053"
"2122","AR","05","051","Garland","05051"
"2123","AR","05","049","Fulton","05049"
"2124","AR","05","047","Franklin","05047"
"2125","AR","05","045","Faulkner","05045"
"2126","AR","05","043","Drew","05043"
"2127","AR","05","041","Desha","05041"
"2128","AR","05","039","Dallas","05039"
"2129","AR","05","037","Cross","05037"
"2130","AR","05","035","Crittenden","05035"
"2131","AR","05","033","Crawford","05033"
"2132","FL","12","047","Hamilton","12047"
"2133","NE","31","065","Furnas","31065"
"2134","AR","05","029","Conway","05029"
"2135","AR","05","027","Columbia","05027"
"2136","FL","12","045","Gulf","12045"
"2137","NE","31","061","Franklin","31061"
"2138","AR","05","023","Cleburne","05023"
"2139","AR","05","021","Clay","05021"
"2140","AR","05","019","Clark","05019"
"2141","AR","05","017","Chicot","05017"
"2142","AR","05","015","Carroll","05015"
"2143","AR","05","013","Calhoun","05013"
"2144","AR","05","011","Bradley","05011"
"2145","AR","05","009","Boone","05009"
"2146","AR","05","007","Benton","05007"
"2147","AR","05","005","Baxter","05005"
"2148","AR","05","003","Ashley","05003"
"2149","AR","05","001","Arkansas","05001"
"2150","FL","12","041","Gilchrist","12041"
"2151","NE","31","059","Fillmore","31059"
"2152","FL","12","035","Flagler","12035"
"2153","NE","31","057","Dundy","31057"
"2154","AZ","04","023","Santa Cruz","04023"
"2155","FL","12","031","Duval","12031"
"2156","NE","31","055","Douglas","31055"
"2157","FL","12","027","DeSoto","12027"
"2158","NE","31","053","Dodge","31053"
"2159","FL","12","023","Columbia","12023"
"2160","NE","31","051","Dixon","31051"
"2161","FL","12","017","Citrus","12017"
"2162","NE","31","049","Deuel","31049"
"2163","FL","12","015","Charlotte","12015"
"2164","NE","31","047","Dawson","31047"
"2165","AZ","04","012","La Paz","04012"
"2166","AZ","04","011","Greenlee","04011"
"2167","FL","12","013","Calhoun","12013"
"2168","NE","31","045","Dawes","31045"
"2169","AZ","04","007","Gila","04007"
"2170","FL","12","011","Broward","12011"
"2171","NE","31","043","Dakota","31043"
"2172","FL","12","009","Brevard","12009"
"2173","NE","31","041","Custer","31041"
"2174","FL","12","007","Bradford","12007"
"2175","NE","31","039","Cuming","31039"
"2176","FL","12","005","Bay","12005"
"2177","NE","31","037","Colfax","31037"
"2178","FL","12","003","Baker","12003"
"2179","NE","31","035","Clay","31035"
"2180","AK","02","275","Wrangell City and Borough","02275"
"2181","FL","12","001","Alachua","12001"
"2182","NE","31","033","Cheyenne","31033"
"2183","DC","11","001","District of Columbia","11001"
"2184","NE","31","029","Chase","31029"
"2185","DE","10","005","Sussex","10005"
"2186","NE","31","027","Cedar","31027"
"2187","DE","10","001","Kent","10001"
"2188","NE","31","025","Cass","31025"
"2189","AK","02","220","Sitka City and Borough","02220"
"2190","CT","09","015","Windham","09015"
"2191","NE","31","023","Butler","31023"
"2192","AK","02","195","Petersburg Census Area","02195"
"2193","AK","02","188","Northwest Arctic Borough","02188"
"2194","CT","09","013","Tolland","09013"
"2195","NE","31","021","Burt","31021"
"2196","CT","09","011","New London","09011"
"2197","NE","31","019","Buffalo","31019"
"2198","CT","09","009","New Haven","09009"
"2199","NE","31","017","Brown","31017"
"2200","AK","02","164","Lake and Peninsula Borough","02164"
"2201","AK","02","150","Kodiak Island Borough","02150"
"2202","AK","02","130","Ketchikan Gateway Borough","02130"
"2203","AK","02","122","Kenai Peninsula Borough","02122"
"2204","AK","02","110","Juneau City and Borough","02110"
"2205","CT","09","007","Middlesex","09007"
"2206","NE","31","015","Boyd","31015"
"2207","AK","02","100","Haines Borough","02100"
"2208","AK","02","090","Fairbanks North Star Borough","02090"
"2209","AK","02","070","Dillingham Census Area","02070"
"2210","CT","09","005","Litchfield","09005"
"2211","NE","31","013","Box Butte","31013"
"2212","CT","09","003","Hartford","09003"
"2213","NE","31","011","Boone","31011"
"2214","CT","09","001","Fairfield","09001"
"2215","NE","31","005","Arthur","31005"
"2216","AK","02","020","Anchorage Municipality","02020"
"2217","CO","08","125","Yuma","08125"
"2218","NE","31","003","Antelope","31003"
"2219","CO","08","123","Weld","08123"
"2220","NE","31","001","Adams","31001"
"2221","AL","01","133","Winston","01133"
"2222","AL","01","131","Wilcox","01131"
"2223","CO","08","119","Teller","08119"
"2224","MT","30","111","Yellowstone","30111"
"2225","AL","01","127","Walker","01127"
"2226","AL","01","125","Tuscaloosa","01125"
"2227","AL","01","123","Tallapoosa","01123"
"2228","AL","01","121","Talladega","01121"
"2229","AL","01","119","Sumter","01119"
"2230","AL","01","117","Shelby","01117"
"2231","AL","01","115","St. Clair","01115"
"2232","AL","01","113","Russell","01113"
"2233","AL","01","111","Randolph","01111"
"2234","AL","01","109","Pike","01109"
"2235","AL","01","107","Pickens","01107"
"2236","AL","01","105","Perry","01105"
"2237","AL","01","103","Morgan","01103"
"2238","AL","01","101","Montgomery","01101"
"2239","AL","01","099","Monroe","01099"
"2240","AL","01","097","Mobile","01097"
"2241","AL","01","095","Marshall","01095"
"2242","AL","01","093","Marion","01093"
"2243","AL","01","091","Marengo","01091"
"2244","AL","01","089","Madison","01089"
"2245","AL","01","087","Macon","01087"
"2246","AL","01","085","Lowndes","01085"
"2247","AL","01","083","Limestone","01083"
"2248","AL","01","081","Lee","01081"
"2249","AL","01","079","Lawrence","01079"
"2250","AL","01","077","Lauderdale","01077"
"2251","AL","01","075","Lamar","01075"
"2252","AL","01","073","Jefferson","01073"
"2253","AL","01","071","Jackson","01071"
"2254","AL","01","069","Houston","01069"
"2255","AL","01","067","Henry","01067"
"2256","AL","01","065","Hale","01065"
"2257","AL","01","063","Greene","01063"
"2258","AL","01","061","Geneva","01061"
"2259","AL","01","059","Franklin","01059"
"2260","AL","01","057","Fayette","01057"
"2261","AL","01","055","Etowah","01055"
"2262","CO","08","117","Summit","08117"
"2263","MT","30","109","Wibaux","30109"
"2264","AL","01","051","Elmore","01051"
"2265","AL","01","049","DeKalb","01049"
"2266","AL","01","047","Dallas","01047"
"2267","AL","01","045","Dale","01045"
"2268","AL","01","043","Cullman","01043"
"2269","CO","08","115","Sedgwick","08115"
"2270","MT","30","107","Wheatland","30107"
"2271","AL","01","039","Covington","01039"
"2272","CO","08","109","Saguache","08109"
"2273","MT","30","105","Valley","30105"
"2274","AL","01","035","Conecuh","01035"
"2275","AL","01","033","Colbert","01033"
"2276","AL","01","031","Coffee","01031"
"2277","CO","08","105","Rio Grande","08105"
"2278","MT","30","101","Toole","30101"
"2279","CO","08","103","Rio Blanco","08103"
"2280","MT","30","099","Teton","30099"
"2281","AL","01","025","Clarke","01025"
"2282","AL","01","023","Choctaw","01023"
"2283","AL","01","021","Chilton","01021"
"2284","CO","08","101","Pueblo","08101"
"2285","MT","30","093","Silver Bow","30093"
"2286","CO","08","099","Prowers","08099"
"2287","MT","30","091","Sheridan","30091"
"2288","CO","08","097","Pitkin","08097"
"2289","MT","30","089","Sanders","30089"
"2290","AL","01","013","Butler","01013"
"2291","AL","01","011","Bullock","01011"
"2292","CO","08","095","Phillips","08095"
"2293","MT","30","085","Roosevelt","30085"
"2294","CO","08","091","Ouray","08091"
"2295","MT","30","083","Richland","30083"
"2296","AL","01","005","Barbour","01005"
"2297","CO","08","089","Otero","08089"
"2298","MT","30","081","Ravalli","30081"
"2299","CO","08","087","Morgan","08087"
"2300","MT","30","077","Powell","30077"
